Motor1, Motor2, Motor3, Motor4, Roll, Pitch, Input1, Input2, Input3, Input4, KPR, KIR, KDR, KPP, KIP, KDP
5.00,5.00,5.00,5.00,-37.750000,-23.125000,0.000000,0.000000,0.000000,0.000000,0.02000000,0.00020000,0.05000000,0.02000000,0.00020000,0.05000000
5.00,5.00,5.00,5.00,-37.750000,-23.125000,0.000000,0.000000,0.000000,0.000000,0.02000000,0.00020000,0.05000000,0.02000000,0.00020000,0.05000000
5.00,5.00,5.00,5.00,-37.750000,-23.125000,0.000000,0.000000,0.000000,0.000000,0.02000000,0.00020000,0.05000000,0.02000000,0.00020000,0.05000000
5.00,5.00,5.00,5.00,-37.750000,-23.125000,0.000000,0.000000,0.000000,0.000000,0.02000000,0.00020000,0.05000000,0.02000000,0.00020000,0.05000000
5.00,5.00,5.00,5.00,-37.750000,-23.125000,0.000000,0.000000,0.000000,0.000000,0.02000000,0.00020000,0.05000000,0.02000000,0.00020000,0.05000000
5.00,5.00,5.00,5.00,-37.750000,-23.125000,0.000000,0.000000,0.000000,0.000000,0.02000000,0.00020000,0.05000000,0.02000000,0.00020000,0.05000000
5.00,5.00,5.00,5.00,-37.750000,-23.125000,0.000000,0.000000,0.000000,0.000000,0.02000000,0.00020000,0.05000000,0.02000000,0.00020000,0.05000000
5.00,5.00,5.00,5.00,-37.750000,-23.125000,0.000000,0.000000,0.000000,0.000000,0.02000000,0.00020000,0.05000000,0.02000000,0.00020000,0.05000000
5.00,5.00,5.00,5.00,-37.750000,-23.125000,0.000000,0.000000,0.000000,0.000000,0.02000000,0.00020000,0.05000000,0.02000000,0.00020000,0.05000000
5.00,5.00,5.00,5.00,-37.562500,-23.125000,0.000000,0.000000,0.000000,0.000000,0.02000000,0.00020000,0.08000000,0.02000000,0.00020000,0.08000000
5.00,5.00,5.00,5.00,-37.562500,-23.125000,0.000000,0.000000,0.000000,0.000000,0.02000000,0.00020000,0.08000000,0.02000000,0.00020000,0.08000000
5.00,5.00,5.00,5.00,-37.562500,-23.125000,0.000000,0.000000,0.000000,0.000000,0.02000000,0.00020000,0.08000000,0.02000000,0.00020000,0.08000000
5.00,5.00,5.00,5.00,-37.562500,-23.125000,0.000000,0.000000,0.000000,0.000000,0.02000000,0.00020000,0.08000000,0.02000000,0.00020000,0.08000000
5.00,5.00,5.00,5.00,-37.562500,-23.125000,0.000000,0.000000,0.000000,0.000000,0.02000000,0.00020000,0.08000000,0.02000000,0.00020000,0.08000000
5.00,5.00,5.00,5.00,-37.562500,-23.125000,0.000000,0.000000,0.000000,0.000000,0.02000000,0.00020000,0.08000000,0.02000000,0.00020000,0.08000000
5.00,5.00,5.00,5.00,-37.562500,-23.125000,0.000000,0.000000,0.000000,0.000000,0.02000000,0.00020000,0.08000000,0.02000000,0.00020000,0.08000000
5.00,5.00,5.00,5.00,-37.562500,-23.125000,0.000000,0.000000,0.000000,0.000000,0.02000000,0.00020000,0.08000000,0.02000000,0.00020000,0.08000000
5.00,5.00,5.00,5.00,-37.562500,-23.125000,0.000000,0.000000,0.000000,0.000000,0.02000000,0.00020000,0.08000000,0.02000000,0.00020000,0.08000000
5.00,5.00,5.00,5.00,-37.562500,-23.125000,0.000000,0.000000,0.000000,0.000000,0.02000000,0.00020000,0.08000000,0.02000000,0.00020000,0.08000000
5.00,5.00,5.00,5.00,-37.562500,-23.125000,0.000000,0.000000,0.000000,0.000000,0.02000000,0.00020000,0.08000000,0.02000000,0.00020000,0.08000000
5.00,5.00,5.00,5.00,-37.562500,-23.125000,0.000000,0.000000,0.000000,0.000000,0.02000000,0.00020000,0.08000000,0.02000000,0.00020000,0.08000000
5.40,5.40,5.40,5.40,-37.562500,-23.125000,0.000000,0.000000,0.000000,0.000000,0.02000000,0.00020000,0.08000000,0.02000000,0.00020000,0.08000000
5.40,5.40,5.40,5.40,-37.562500,-23.125000,0.000000,0.000000,0.000000,0.000000,0.02000000,0.00020000,0.08000000,0.02000000,0.00020000,0.08000000
5.40,5.40,5.40,5.40,-37.562500,-23.125000,0.000000,0.000000,0.000000,0.000000,0.02000000,0.00020000,0.08000000,0.02000000,0.00020000,0.08000000
5.40,5.40,5.40,5.40,-37.562500,-23.125000,0.000000,0.000000,0.000000,0.000000,0.02000000,0.00020000,0.08000000,0.02000000,0.00020000,0.08000000
5.40,5.40,5.40,5.40,-37.562500,-23.125000,0.000000,0.000000,0.000000,0.000000,0.02000000,0.00020000,0.08000000,0.02000000,0.00020000,0.08000000
5.40,5.40,5.40,5.40,-37.562500,-23.125000,0.000000,0.000000,0.000000,0.000000,0.02000000,0.00020000,0.08000000,0.02000000,0.00020000,0.08000000
5.40,5.40,5.40,5.40,-37.562500,-23.125000,0.000000,0.000000,0.000000,0.000000,0.02000000,0.00020000,0.08000000,0.02000000,0.00020000,0.08000000
5.40,5.40,5.40,5.40,-37.437500,-23.125000,0.000000,0.000000,0.000000,0.000000,0.02000000,0.00020000,0.08000000,0.02000000,0.00020000,0.08000000
5.40,5.40,5.40,5.40,-37.437500,-23.125000,0.000000,0.000000,0.000000,0.000000,0.02000000,0.00020000,0.08000000,0.02000000,0.00020000,0.08000000
5.40,5.40,5.40,5.40,-37.437500,-23.125000,0.000000,0.000000,0.000000,0.000000,0.02000000,0.00020000,0.08000000,0.02000000,0.00020000,0.08000000
5.40,5.40,5.40,5.40,-37.437500,-23.125000,0.000000,0.000000,0.000000,0.000000,0.02000000,0.00020000,0.08000000,0.02000000,0.00020000,0.08000000
5.40,5.40,5.40,5.40,-37.437500,-23.125000,0.000000,0.000000,0.000000,0.000000,0.02000000,0.00020000,0.08000000,0.02000000,0.00020000,0.08000000
5.40,5.40,5.40,5.40,-37.437500,-23.250000,0.000000,0.000000,0.000000,0.000000,0.02000000,0.00020000,0.08000000,0.02000000,0.00020000,0.08000000
5.40,5.40,5.40,5.40,-37.562500,-22.500000,0.000000,0.000000,0.000000,0.000000,0.02000000,0.00020000,0.08000000,0.02000000,0.00020000,0.08000000
5.40,5.40,5.40,5.40,-37.562500,-22.375000,0.000000,0.000000,0.000000,0.000000,0.02000000,0.00020000,0.08000000,0.02000000,0.00020000,0.08000000
5.40,5.40,5.40,5.40,-37.625000,-22.500000,0.000000,0.000000,0.000000,0.000000,0.02000000,0.00020000,0.08000000,0.02000000,0.00020000,0.08000000
5.40,5.40,5.40,5.40,-37.625000,-22.437500,0.000000,0.000000,0.000000,0.000000,0.02000000,0.00020000,0.08000000,0.02000000,0.00020000,0.08000000
5.40,5.40,5.40,5.40,-37.625000,-22.437500,0.000000,0.000000,0.000000,0.000000,0.02000000,0.00020000,0.08000000,0.02000000,0.00020000,0.08000000
5.40,5.40,5.40,5.40,-37.625000,-22.437500,0.000000,0.000000,0.000000,0.000000,0.02000000,0.00020000,0.08000000,0.02000000,0.00020000,0.08000000
5.52,5.40,5.86,5.96,-37.625000,-22.437500,11.000000,0.758370,0.452203,0.000000,0.02000000,0.00020000,0.08000000,0.02000000,0.00020000,0.08000000
5.52,5.40,5.87,5.96,-37.562500,-22.437500,11.000000,0.766822,0.457845,0.000000,0.02000000,0.00020000,0.08000000,0.02000000,0.00020000,0.08000000
5.52,5.40,5.87,5.97,-37.562500,-22.375000,11.000000,0.776214,0.462052,0.000000,0.02000000,0.00020000,0.08000000,0.02000000,0.00020000,0.08000000
5.72,5.40,5.69,5.97,-37.437500,-22.187500,11.000000,0.783240,-0.036035,0.000000,0.02000000,0.00020000,0.08000000,0.02000000,0.00020000,0.08000000
5.52,5.40,5.87,5.97,-37.375000,-21.937500,11.000000,0.791568,0.464612,0.000000,0.02000000,0.00020000,0.08000000,0.02000000,0.00020000,0.08000000
5.52,5.40,5.87,5.97,-37.312500,-21.312500,11.000000,0.799725,0.457565,0.000000,0.02000000,0.00020000,0.08000000,0.02000000,0.00020000,0.08000000
5.53,5.40,5.86,5.98,-37.125000,-20.437500,11.000000,0.805437,0.445453,0.000000,0.02000000,0.00020000,0.08000000,0.02000000,0.00020000,0.08000000
5.54,5.40,5.85,5.98,-36.750000,-18.562500,11.000000,0.807321,0.412731,0.000000,0.02000000,0.00020000,0.08000000,0.02000000,0.00020000,0.08000000
5.56,5.40,5.83,5.98,-36.250000,-15.562500,11.000000,0.806652,0.356809,0.000000,0.02000000,0.00020000,0.08000000,0.02000000,0.00020000,0.08000000
5.59,5.40,5.81,5.98,-35.750000,-12.375000,11.000000,0.805784,0.296366,0.000000,0.02000000,0.00020000,0.08000000,0.02000000,0.00020000,0.08000000
5.62,5.40,5.79,5.97,-34.875000,-8.875000,11.000000,0.797397,0.228886,0.000000,0.02000000,0.00020000,0.08000000,0.02000000,0.00020000,0.08000000
5.65,5.40,5.76,5.97,-33.437500,-4.687500,11.000000,0.777451,0.146684,0.000000,0.02000000,0.00020000,0.08000000,0.02000000,0.00020000,0.08000000
5.69,5.40,5.72,5.95,-30.875000,0.312500,11.000000,0.734198,0.047082,0.000000,0.02000000,0.00020000,0.08000000,0.02000000,0.00020000,0.08000000
5.73,5.43,5.68,5.93,-26.500000,6.125000,11.000000,0.653548,-0.070011,0.000000,0.02000000,0.00020000,0.08000000,0.02000000,0.00020000,0.08000000
5.78,5.49,5.62,5.89,-19.625000,13.312500,11.000000,0.521284,-0.216088,0.000000,0.02000000,0.00020000,0.08000000,0.02000000,0.00020000,0.08000000
5.85,5.57,5.54,5.82,-9.937500,22.812500,11.000000,0.330820,-0.410359,0.000000,0.02000000,0.00020000,0.08000000,0.02000000,0.00020000,0.08000000
5.90,5.68,5.47,5.73,2.875000,29.875000,11.000000,0.075365,-0.558105,0.000000,0.02000000,0.00020000,0.08000000,0.02000000,0.00020000,0.08000000
5.88,5.80,5.50,5.60,19.437500,26.937500,11.000000,-0.258648,-0.506139,0.000000,0.02000000,0.00020000,0.08000000,0.02000000,0.00020000,0.08000000
5.88,5.90,5.49,5.47,34.687500,27.062500,11.000000,-0.570445,-0.515514,0.000000,0.02000000,0.00020000,0.08000000,0.02000000,0.00020000,0.08000000
5.84,5.87,5.55,5.51,30.062500,20.375000,11.000000,-0.485224,-0.386925,0.000000,0.02000000,0.00020000,0.08000000,0.02000000,0.00020000,0.08000000
5.81,5.85,5.60,5.53,26.687500,14.812500,11.000000,-0.424630,-0.279735,0.000000,0.02000000,0.00020000,0.08000000,0.02000000,0.00020000,0.08000000
5.77,5.84,5.64,5.55,24.500000,9.312500,11.000000,-0.387137,-0.172348,0.000000,0.02000000,0.00020000,0.08000000,0.02000000,0.00020000,0.08000000
5.73,5.83,5.68,5.57,21.812500,3.937500,11.000000,-0.339090,-0.066299,0.000000,0.02000000,0.00020000,0.08000000,0.02000000,0.00020000,0.08000000
5.69,5.81,5.72,5.59,18.687500,-1.500000,11.000000,-0.281271,0.042224,0.000000,0.02000000,0.00020000,0.08000000,0.02000000,0.00020000,0.08000000
5.65,5.78,5.76,5.62,14.812500,-6.500000,11.000000,-0.207540,0.143231,0.000000,0.02000000,0.00020000,0.08000000,0.02000000,0.00020000,0.08000000
5.40,5.40,6.12,6.12,10.500000,-10.562500,11.000000,1.300000,1.300000,0.000000,0.02000000,0.00020000,0.08000000,0.02000000,0.00020000,0.08000000
5.59,5.72,5.81,5.69,6.312500,-13.312500,11.000000,-0.042253,0.284256,0.000000,0.02000000,0.00020000,0.08000000,0.02000000,0.00020000,0.08000000
5.57,5.69,5.82,5.72,2.125000,-15.562500,11.000000,0.040598,0.332760,0.000000,0.02000000,0.00020000,0.08000000,0.02000000,0.00020000,0.08000000
5.56,5.66,5.83,5.75,-1.375000,-16.875000,11.000000,0.110613,0.362929,0.000000,0.02000000,0.00020000,0.08000000,0.02000000,0.00020000,0.08000000
5.56,5.65,5.83,5.76,-3.437500,-16.375000,11.000000,0.152545,0.357259,0.000000,0.02000000,0.00020000,0.08000000,0.02000000,0.00020000,0.08000000
5.58,5.65,5.82,5.76,-3.312500,-14.625000,11.000000,0.150935,0.326192,0.000000,0.02000000,0.00020000,0.08000000,0.02000000,0.00020000,0.08000000
5.59,5.66,5.81,5.75,-2.000000,-12.312500,11.000000,0.125359,0.283315,0.000000,0.02000000,0.00020000,0.08000000,0.02000000,0.00020000,0.08000000
6.12,6.12,5.40,5.40,0.250000,-8.875000,11.000000,-1.300000,-1.300000,0.000000,0.02000000,0.00020000,0.08000000,0.02000000,0.00020000,0.08000000
5.65,5.70,5.75,5.71,3.250000,-4.750000,11.000000,0.020140,0.136049,0.000000,0.02000000,0.00020000,0.08000000,0.02000000,0.00020000,0.08000000
5.70,5.73,5.71,5.68,7.625000,1.500000,11.000000,-0.068743,0.011349,0.000000,0.02000000,0.00020000,0.08000000,0.02000000,0.00020000,0.08000000
5.76,5.77,5.64,5.63,13.312500,10.125000,11.000000,-0.184951,-0.162593,0.000000,0.02000000,0.00020000,0.08000000,0.02000000,0.00020000,0.08000000
5.85,5.83,5.54,5.57,20.750000,21.937500,11.000000,-0.337510,-0.402470,0.000000,0.02000000,0.00020000,0.08000000,0.02000000,0.00020000,0.08000000
5.91,5.88,5.46,5.49,29.375000,31.125000,11.000000,-0.514928,-0.591894,0.000000,0.02000000,0.00020000,0.08000000,0.02000000,0.00020000,0.08000000
5.88,5.90,5.50,5.48,30.687500,26.625000,11.000000,-0.549097,-0.508756,0.000000,0.02000000,0.00020000,0.08000000,0.02000000,0.00020000,0.08000000
5.86,5.89,5.53,5.49,29.312500,23.062500,11.000000,-0.528964,-0.442987,0.000000,0.02000000,0.00020000,0.08000000,0.02000000,0.00020000,0.08000000
5.85,5.89,5.54,5.49,28.500000,21.750000,11.000000,-0.519444,-0.421858,0.000000,0.02000000,0.00020000,0.08000000,0.02000000,0.00020000,0.08000000
5.86,5.88,5.53,5.49,27.937500,22.437500,11.000000,-0.515230,-0.440944,0.000000,0.02000000,0.00020000,0.08000000,0.02000000,0.00020000,0.08000000
5.87,5.88,5.51,5.50,27.312500,24.187500,11.000000,-0.509236,-0.480968,0.000000,0.02000000,0.00020000,0.08000000,0.02000000,0.00020000,0.08000000
5.89,5.88,5.49,5.50,26.312500,26.250000,11.000000,-0.496098,-0.528200,0.000000,0.02000000,0.00020000,0.08000000,0.02000000,0.00020000,0.08000000
5.90,5.87,5.47,5.52,24.625000,27.875000,11.000000,-0.468361,-0.566736,0.000000,0.02000000,0.00020000,0.08000000,0.02000000,0.00020000,0.08000000
5.91,5.85,5.46,5.53,22.125000,28.375000,11.000000,-0.423497,-0.583007,0.000000,0.02000000,0.00020000,0.08000000,0.02000000,0.00020000,0.08000000
5.90,5.83,5.47,5.56,18.437500,27.750000,11.000000,-0.354256,-0.577485,0.000000,0.02000000,0.00020000,0.08000000,0.02000000,0.00020000,0.08000000
5.40,5.40,6.02,6.12,13.625000,25.875000,11.000000,1.300000,0.953670,0.000000,0.02000000,0.00020000,0.08000000,0.02000000,0.00020000,0.08000000
5.88,5.76,5.50,5.65,8.000000,23.375000,11.000000,-0.151484,-0.502764,0.000000,0.02000000,0.00020000,0.08000000,0.02000000,0.00020000,0.08000000
5.86,5.70,5.53,5.70,0.375000,19.875000,11.000000,0.000292,-0.437233,0.000000,0.02000000,0.00020000,0.08000000,0.02000000,0.00020000,0.08000000
5.83,5.63,5.56,5.77,-9.187500,15.500000,11.000000,0.192651,-0.353708,0.000000,0.02000000,0.00020000,0.08000000,0.02000000,0.00020000,0.08000000
5.80,5.54,5.60,5.85,-20.312500,10.625000,11.000000,0.418723,-0.259164,0.000000,0.02000000,0.00020000,0.08000000,0.02000000,0.00020000,0.08000000
5.77,5.43,5.64,5.93,-31.937500,6.000000,11.000000,0.657243,-0.168426,0.000000,0.02000000,0.00020000,0.08000000,0.02000000,0.00020000,0.08000000
5.71,5.40,5.70,5.96,-37.125000,-1.625000,11.000000,0.769524,-0.016423,0.000000,0.02000000,0.00020000,0.08000000,0.02000000,0.00020000,0.08000000
5.40,5.80,6.12,5.60,-35.187500,-10.000000,11.000000,-0.260727,1.300000,0.000000,0.02000000,0.00020000,0.08000000,0.02000000,0.00020000,0.08000000
5.58,5.40,5.81,5.95,-34.187500,-17.625000,11.000000,0.727920,0.308100,0.000000,0.02000000,0.00020000,0.08000000,0.02000000,0.00020000,0.08000000
5.52,5.40,5.87,5.95,-32.937500,-25.062500,11.000000,0.710821,0.461613,0.000000,0.02000000,0.00020000,0.08000000,0.02000000,0.00020000,0.08000000
5.50,5.42,5.88,5.93,-30.375000,-26.437500,11.000000,0.667237,0.495452,0.000000,0.02000000,0.00020000,0.08000000,0.02000000,0.00020000,0.08000000
5.54,5.47,5.85,5.90,-25.625000,-21.875000,11.000000,0.577645,0.408924,0.000000,0.02000000,0.00020000,0.08000000,0.02000000,0.00020000,0.08000000
5.59,5.53,5.81,5.86,-18.187500,-16.000000,11.000000,0.433627,0.295502,0.000000,0.02000000,0.00020000,0.08000000,0.02000000,0.00020000,0.08000000
5.65,5.62,5.76,5.78,-7.250000,-8.875000,11.000000,0.217652,0.155722,0.000000,0.02000000,0.00020000,0.08000000,0.02000000,0.00020000,0.08000000
5.71,5.73,5.70,5.68,6.812500,0.187500,11.000000,-0.063570,-0.024609,0.000000,0.02000000,0.00020000,0.08000000,0.02000000,0.00020000,0.08000000
5.80,5.84,5.60,5.56,22.250000,11.937500,11.000000,-0.375747,-0.261035,0.000000,0.02000000,0.00020000,0.08000000,0.02000000,0.00020000,0.08000000
5.91,5.92,5.46,5.44,34.562500,28.000000,11.000000,-0.628011,-0.586548,0.000000,0.02000000,0.00020000,0.08000000,0.02000000,0.00020000,0.08000000
5.87,5.89,5.52,5.49,29.125000,21.687500,11.000000,-0.526331,-0.465783,0.000000,0.02000000,0.00020000,0.08000000,0.02000000,0.00020000,0.08000000
5.85,5.87,5.54,5.52,25.937500,18.937500,11.000000,-0.468388,-0.415264,0.000000,0.02000000,0.00020000,0.08000000,0.02000000,0.00020000,0.08000000
5.85,5.86,5.54,5.53,24.062500,18.062500,11.000000,-0.436396,-0.401878,0.000000,0.02000000,0.00020000,0.08000000,0.02000000,0.00020000,0.08000000
5.85,5.85,5.54,5.54,22.875000,17.812500,11.000000,-0.418540,-0.401379,0.000000,0.02000000,0.00020000,0.08000000,0.02000000,0.00020000,0.08000000
5.85,5.85,5.54,5.54,21.812500,17.812500,11.000000,-0.402508,-0.405541,0.000000,0.02000000,0.00020000,0.08000000,0.02000000,0.00020000,0.08000000
5.85,5.84,5.54,5.55,20.937500,17.937500,11.000000,-0.390288,-0.412476,0.000000,0.02000000,0.00020000,0.08000000,0.02000000,0.00020000,0.08000000
5.85,5.84,5.54,5.55,20.187500,17.875000,11.000000,-0.380490,-0.415769,0.000000,0.02000000,0.00020000,0.08000000,0.02000000,0.00020000,0.08000000
5.85,5.83,5.54,5.56,19.250000,17.500000,11.000000,-0.366663,-0.412696,0.000000,0.02000000,0.00020000,0.08000000,0.02000000,0.00020000,0.08000000
5.85,5.83,5.54,5.57,17.750000,16.750000,11.000000,-0.340655,-0.401396,0.000000,0.02000000,0.00020000,0.08000000,0.02000000,0.00020000,0.08000000
5.84,5.81,5.55,5.59,15.687500,15.375000,11.000000,-0.303708,-0.378117,0.000000,0.02000000,0.00020000,0.08000000,0.02000000,0.00020000,0.08000000
5.83,5.80,5.56,5.60,14.062500,14.312500,11.000000,-0.274850,-0.360541,0.000000,0.02000000,0.00020000,0.08000000,0.02000000,0.00020000,0.08000000
5.83,5.80,5.56,5.60,13.187500,13.812500,11.000000,-0.260554,-0.353842,0.000000,0.02000000,0.00020000,0.08000000,0.02000000,0.00020000,0.08000000
5.83,5.80,5.56,5.61,12.750000,14.000000,11.000000,-0.254959,-0.360979,0.000000,0.02000000,0.00020000,0.08000000,0.02000000,0.00020000,0.08000000
5.84,5.80,5.56,5.61,12.375000,14.312500,11.000000,-0.250400,-0.370545,0.000000,0.02000000,0.00020000,0.08000000,0.02000000,0.00020000,0.08000000
5.84,5.79,5.55,5.61,11.812500,14.562500,11.000000,-0.242121,-0.379107,0.000000,0.02000000,0.00020000,0.08000000,0.02000000,0.00020000,0.08000000
5.84,5.79,5.55,5.61,11.187500,14.625000,11.000000,-0.232302,-0.383779,0.000000,0.02000000,0.00020000,0.08000000,0.02000000,0.00020000,0.08000000
5.84,5.78,5.55,5.62,10.312500,14.625000,11.000000,-0.217390,-0.387319,0.000000,0.02000000,0.00020000,0.08000000,0.02000000,0.00020000,0.08000000
5.84,5.78,5.55,5.63,9.312500,14.500000,11.000000,-0.199956,-0.388637,0.000000,0.02000000,0.00020000,0.08000000,0.02000000,0.00020000,0.08000000
5.84,5.77,5.55,5.64,8.062500,14.187500,11.000000,-0.177111,-0.386054,0.000000,0.02000000,0.00020000,0.08000000,0.02000000,0.00020000,0.08000000
5.66,5.57,5.75,5.83,6.562500,13.687500,11.000000,0.350990,0.120271,0.000000,0.02000000,0.00020000,0.08000000,0.02000000,0.00020000,0.08000000
5.84,5.75,5.56,5.66,4.937500,13.125000,11.000000,-0.117896,-0.371852,0.000000,0.02000000,0.00020000,0.08000000,0.02000000,0.00020000,0.08000000
5.83,5.74,5.56,5.67,3.437500,12.312500,11.000000,-0.088905,-0.358861,0.000000,0.02000000,0.00020000,0.08000000,0.02000000,0.00020000,0.08000000
5.83,5.73,5.57,5.68,2.062500,11.187500,11.000000,-0.062059,-0.339337,0.000000,0.02000000,0.00020000,0.08000000,0.02000000,0.00020000,0.08000000
5.82,5.72,5.58,5.69,0.687500,9.937500,11.000000,-0.034873,-0.317030,0.000000,0.02000000,0.00020000,0.08000000,0.02000000,0.00020000,0.08000000
5.81,5.71,5.59,5.70,-0.500000,8.625000,11.000000,-0.011131,-0.293175,0.000000,0.02000000,0.00020000,0.08000000,0.02000000,0.00020000,0.08000000
5.80,5.70,5.60,5.71,-1.812500,7.312500,11.000000,0.015427,-0.268946,0.000000,0.02000000,0.00020000,0.08000000,0.02000000,0.00020000,0.08000000
5.79,5.69,5.61,5.72,-3.437500,5.687500,11.000000,0.048620,-0.238156,0.000000,0.02000000,0.00020000,0.08000000,0.02000000,0.00020000,0.08000000
5.78,5.67,5.63,5.74,-5.250000,3.875000,11.000000,0.085955,-0.203085,0.000000,0.02000000,0.00020000,0.08000000,0.02000000,0.00020000,0.08000000
5.77,5.66,5.64,5.75,-6.812500,2.187500,11.000000,0.118812,-0.170056,0.000000,0.02000000,0.00020000,0.08000000,0.02000000,0.00020000,0.08000000
5.76,5.65,5.65,5.76,-8.312500,0.687500,11.000000,0.150765,-0.140393,0.000000,0.02000000,0.00020000,0.08000000,0.02000000,0.00020000,0.08000000
5.74,5.63,5.67,5.77,-9.812500,-1.125000,11.000000,0.183104,-0.104061,0.000000,0.02000000,0.00020000,0.08000000,0.02000000,0.00020000,0.08000000
5.73,5.62,5.68,5.78,-11.500000,-3.250000,11.000000,0.219601,-0.060999,0.000000,0.02000000,0.00020000,0.08000000,0.02000000,0.00020000,0.08000000
5.71,5.61,5.70,5.79,-12.812500,-5.187500,11.000000,0.249005,-0.021137,0.000000,0.02000000,0.00020000,0.08000000,0.02000000,0.00020000,0.08000000
5.71,5.61,5.70,5.80,-13.000000,-5.687500,11.000000,0.256194,-0.009643,0.000000,0.02000000,0.00020000,0.08000000,0.02000000,0.00020000,0.08000000
6.12,5.96,5.40,5.40,-12.125000,-4.625000,11.000000,-0.758123,-1.300000,0.000000,0.02000000,0.00020000,0.08000000,0.02000000,0.00020000,0.08000000
5.73,5.62,5.68,5.78,-10.750000,-3.187500,11.000000,0.217322,-0.057344,0.000000,0.02000000,0.00020000,0.08000000,0.02000000,0.00020000,0.08000000
5.74,5.63,5.67,5.77,-8.875000,-1.187500,11.000000,0.182231,-0.096847,0.000000,0.02000000,0.00020000,0.08000000,0.02000000,0.00020000,0.08000000
5.76,5.65,5.65,5.76,-6.937500,1.062500,11.000000,0.145373,-0.141892,0.000000,0.02000000,0.00020000,0.08000000,0.02000000,0.00020000,0.08000000
5.77,5.67,5.63,5.74,-4.812500,3.312500,11.000000,0.104300,-0.187465,0.000000,0.02000000,0.00020000,0.08000000,0.02000000,0.00020000,0.08000000
5.79,5.68,5.61,5.73,-2.625000,5.812500,11.000000,0.061427,-0.238585,0.000000,0.02000000,0.00020000,0.08000000,0.02000000,0.00020000,0.08000000
5.81,5.70,5.59,5.71,-0.812500,8.187500,11.000000,0.025588,-0.287815,0.000000,0.02000000,0.00020000,0.08000000,0.02000000,0.00020000,0.08000000
5.82,5.71,5.58,5.70,0.500000,10.062500,11.000000,-0.000637,-0.327452,0.000000,0.02000000,0.00020000,0.08000000,0.02000000,0.00020000,0.08000000
5.83,5.71,5.57,5.70,0.937500,11.062500,11.000000,-0.009602,-0.350155,0.000000,0.02000000,0.00020000,0.08000000,0.02000000,0.00020000,0.08000000
5.83,5.70,5.57,5.71,0.250000,11.062500,11.000000,0.003998,-0.353012,0.000000,0.02000000,0.00020000,0.08000000,0.02000000,0.00020000,0.08000000
5.83,5.70,5.57,5.71,-0.625000,10.187500,11.000000,0.021571,-0.338215,0.000000,0.02000000,0.00020000,0.08000000,0.02000000,0.00020000,0.08000000
5.82,5.69,5.58,5.72,-1.250000,9.187500,11.000000,0.034338,-0.320776,0.000000,0.02000000,0.00020000,0.08000000,0.02000000,0.00020000,0.08000000
5.81,5.69,5.59,5.72,-1.937500,8.062500,11.000000,0.048508,-0.300497,0.000000,0.02000000,0.00020000,0.08000000,0.02000000,0.00020000,0.08000000
5.80,5.68,5.60,5.73,-2.687500,6.750000,11.000000,0.064120,-0.276188,0.000000,0.02000000,0.00020000,0.08000000,0.02000000,0.00020000,0.08000000
5.79,5.67,5.61,5.74,-3.937500,4.875000,11.000000,0.089970,-0.240164,0.000000,0.02000000,0.00020000,0.08000000,0.02000000,0.00020000,0.08000000
5.40,5.40,5.98,6.07,-5.312500,2.625000,11.000000,1.118684,0.803905,0.000000,0.02000000,0.00020000,0.08000000,0.02000000,0.00020000,0.08000000
5.76,5.65,5.64,5.76,-6.562500,0.687500,11.000000,0.145228,-0.157712,0.000000,0.02000000,0.00020000,0.08000000,0.02000000,0.00020000,0.08000000
5.75,5.64,5.66,5.77,-8.187500,-1.500000,11.000000,0.179614,-0.113807,0.000000,0.02000000,0.00020000,0.08000000,0.02000000,0.00020000,0.08000000
5.73,5.62,5.68,5.79,-10.187500,-3.875000,11.000000,0.221992,-0.065622,0.000000,0.02000000,0.00020000,0.08000000,0.02000000,0.00020000,0.08000000
5.71,5.60,5.70,5.80,-12.562500,-6.500000,11.000000,0.272265,-0.011856,0.000000,0.02000000,0.00020000,0.08000000,0.02000000,0.00020000,0.08000000
5.70,5.59,5.71,5.81,-13.937500,-8.187500,11.000000,0.303197,0.023815,0.000000,0.02000000,0.00020000,0.08000000,0.02000000,0.00020000,0.08000000
5.69,5.59,5.72,5.81,-13.750000,-8.312500,11.000000,0.302962,0.028419,0.000000,0.02000000,0.00020000,0.08000000,0.02000000,0.00020000,0.08000000
5.70,5.59,5.71,5.81,-12.562500,-7.375000,11.000000,0.282662,0.011727,0.000000,0.02000000,0.00020000,0.08000000,0.02000000,0.00020000,0.08000000
5.71,5.60,5.70,5.80,-11.125000,-6.250000,11.000000,0.256962,-0.009021,0.000000,0.02000000,0.00020000,0.08000000,0.02000000,0.00020000,0.08000000
5.72,5.61,5.69,5.79,-9.750000,-5.125000,11.000000,0.232028,-0.030132,0.000000,0.02000000,0.00020000,0.08000000,0.02000000,0.00020000,0.08000000
5.72,5.62,5.69,5.78,-8.500000,-4.000000,11.000000,0.209393,-0.051470,0.000000,0.02000000,0.00020000,0.08000000,0.02000000,0.00020000,0.08000000
5.73,5.63,5.68,5.77,-7.062500,-2.625000,11.000000,0.182563,-0.078171,0.000000,0.02000000,0.00020000,0.08000000,0.02000000,0.00020000,0.08000000
5.74,5.65,5.66,5.76,-5.500000,-1.250000,11.000000,0.152909,-0.105195,0.000000,0.02000000,0.00020000,0.08000000,0.02000000,0.00020000,0.08000000
5.76,5.66,5.65,5.75,-3.812500,0.375000,11.000000,0.120325,-0.137588,0.000000,0.02000000,0.00020000,0.08000000,0.02000000,0.00020000,0.08000000
5.77,5.67,5.64,5.74,-2.125000,2.187500,11.000000,0.087313,-0.174176,0.000000,0.02000000,0.00020000,0.08000000,0.02000000,0.00020000,0.08000000
5.78,5.68,5.63,5.73,-0.687500,3.750000,11.000000,0.058886,-0.206221,0.000000,0.02000000,0.00020000,0.08000000,0.02000000,0.00020000,0.08000000
5.78,5.69,5.62,5.72,-0.187500,4.250000,11.000000,0.048960,-0.217253,0.000000,0.02000000,0.00020000,0.08000000,0.02000000,0.00020000,0.08000000
5.78,5.68,5.62,5.72,-0.437500,3.937500,11.000000,0.054033,-0.212061,0.000000,0.02000000,0.00020000,0.08000000,0.02000000,0.00020000,0.08000000
5.78,5.68,5.63,5.73,-1.000000,3.187500,11.000000,0.065469,-0.197963,0.000000,0.02000000,0.00020000,0.08000000,0.02000000,0.00020000,0.08000000
5.77,5.68,5.64,5.73,-1.625000,2.312500,11.000000,0.078324,-0.181177,0.000000,0.02000000,0.00020000,0.08000000,0.02000000,0.00020000,0.08000000
5.76,5.67,5.64,5.74,-2.562500,1.312500,11.000000,0.097602,-0.161643,0.000000,0.02000000,0.00020000,0.08000000,0.02000000,0.00020000,0.08000000
5.76,5.66,5.65,5.75,-3.812500,0.125000,11.000000,0.123430,-0.138071,0.000000,0.02000000,0.00020000,0.08000000,0.02000000,0.00020000,0.08000000
5.40,5.43,6.00,5.93,-5.000000,-1.187500,11.000000,0.648349,0.888322,0.000000,0.02000000,0.00020000,0.08000000,0.02000000,0.00020000,0.08000000
5.74,5.64,5.67,5.77,-6.062500,-2.312500,11.000000,0.171003,-0.088715,0.000000,0.02000000,0.00020000,0.08000000,0.02000000,0.00020000,0.08000000
5.73,5.63,5.68,5.77,-6.875000,-3.125000,11.000000,0.188987,-0.071720,0.000000,0.02000000,0.00020000,0.08000000,0.02000000,0.00020000,0.08000000
5.73,5.63,5.68,5.78,-7.125000,-3.562500,11.000000,0.195731,-0.062122,0.000000,0.02000000,0.00020000,0.08000000,0.02000000,0.00020000,0.08000000
5.73,5.63,5.68,5.78,-7.250000,-3.750000,11.000000,0.200109,-0.057408,0.000000,0.02000000,0.00020000,0.08000000,0.02000000,0.00020000,0.08000000
5.73,5.63,5.68,5.78,-7.000000,-3.500000,11.000000,0.196926,-0.061484,0.000000,0.02000000,0.00020000,0.08000000,0.02000000,0.00020000,0.08000000
5.73,5.63,5.68,5.77,-6.312500,-2.875000,11.000000,0.184893,-0.073153,0.000000,0.02000000,0.00020000,0.08000000,0.02000000,0.00020000,0.08000000
5.74,5.64,5.67,5.77,-5.250000,-2.000000,11.000000,0.165162,-0.090006,0.000000,0.02000000,0.00020000,0.08000000,0.02000000,0.00020000,0.08000000
5.75,5.65,5.66,5.76,-4.187500,-1.000000,11.000000,0.145070,-0.109660,0.000000,0.02000000,0.00020000,0.08000000,0.02000000,0.00020000,0.08000000
5.75,5.66,5.66,5.75,-3.375000,-0.250000,11.000000,0.129808,-0.124522,0.000000,0.02000000,0.00020000,0.08000000,0.02000000,0.00020000,0.08000000
5.75,5.66,5.65,5.75,-2.812500,0.375000,11.000000,0.119320,-0.137058,0.000000,0.02000000,0.00020000,0.08000000,0.02000000,0.00020000,0.08000000
5.76,5.66,5.65,5.75,-2.375000,0.687500,11.000000,0.111231,-0.143449,0.000000,0.02000000,0.00020000,0.08000000,0.02000000,0.00020000,0.08000000
5.76,5.66,5.65,5.74,-2.187500,0.937500,11.000000,0.108051,-0.148654,0.000000,0.02000000,0.00020000,0.08000000,0.02000000,0.00020000,0.08000000
5.76,5.66,5.65,5.74,-2.187500,1.000000,11.000000,0.108554,-0.150130,0.000000,0.02000000,0.00020000,0.08000000,0.02000000,0.00020000,0.08000000
5.76,5.66,5.65,5.74,-2.125000,0.875000,11.000000,0.107866,-0.147873,0.000000,0.02000000,0.00020000,0.08000000,0.02000000,0.00020000,0.08000000
5.76,5.66,5.65,5.74,-2.062500,0.750000,11.000000,0.107125,-0.145574,0.000000,0.02000000,0.00020000,0.08000000,0.02000000,0.00020000,0.08000000
5.76,5.66,5.65,5.74,-2.000000,0.750000,11.000000,0.106402,-0.145774,0.000000,0.02000000,0.00020000,0.08000000,0.02000000,0.00020000,0.08000000
5.76,5.66,5.65,5.74,-2.000000,0.812500,11.000000,0.106891,-0.147220,0.000000,0.02000000,0.00020000,0.08000000,0.02000000,0.00020000,0.08000000
5.76,5.66,5.65,5.75,-2.125000,0.625000,11.000000,0.109928,-0.143650,0.000000,0.02000000,0.00020000,0.08000000,0.02000000,0.00020000,0.08000000
5.76,5.66,5.65,5.75,-2.250000,0.312500,11.000000,0.112986,-0.137514,0.000000,0.02000000,0.00020000,0.08000000,0.02000000,0.00020000,0.08000000
5.75,5.66,5.66,5.75,-2.437500,-0.125000,11.000000,0.117352,-0.128780,0.000000,0.02000000,0.00020000,0.08000000,0.02000000,0.00020000,0.08000000
5.75,5.66,5.66,5.75,-2.500000,-0.500000,11.000000,0.119256,-0.121186,0.000000,0.02000000,0.00020000,0.08000000,0.02000000,0.00020000,0.08000000
5.75,5.66,5.66,5.75,-2.375000,-0.812500,11.000000,0.117366,-0.114765,0.000000,0.02000000,0.00020000,0.08000000,0.02000000,0.00020000,0.08000000
5.75,5.66,5.66,5.75,-2.062500,-1.000000,11.000000,0.111699,-0.110771,0.000000,0.02000000,0.00020000,0.08000000,0.02000000,0.00020000,0.08000000
5.75,5.66,5.66,5.75,-2.062500,-1.000000,11.000000,0.112214,-0.110523,0.000000,0.02000000,0.00020000,0.08000000,0.02000000,0.00020000,0.08000000
5.74,5.66,5.66,5.75,-2.187500,-1.250000,11.000000,0.115269,-0.105214,0.000000,0.02000000,0.00020000,0.08000000,0.02000000,0.00020000,0.08000000
5.74,5.66,5.67,5.75,-2.062500,-1.562500,11.000000,0.113306,-0.098600,0.000000,0.02000000,0.00020000,0.08000000,0.02000000,0.00020000,0.08000000
5.74,5.66,5.67,5.75,-1.937500,-1.500000,11.000000,0.111309,-0.099449,0.000000,0.02000000,0.00020000,0.08000000,0.02000000,0.00020000,0.08000000
5.74,5.66,5.67,5.75,-2.000000,-1.500000,11.000000,0.113068,-0.099063,0.000000,0.02000000,0.00020000,0.08000000,0.02000000,0.00020000,0.08000000
5.74,5.66,5.67,5.75,-2.000000,-1.500000,11.000000,0.113568,-0.098688,0.000000,0.02000000,0.00020000,0.08000000,0.02000000,0.00020000,0.08000000
5.74,5.66,5.67,5.75,-2.000000,-1.562500,11.000000,0.114090,-0.097043,0.000000,0.02000000,0.00020000,0.08000000,0.02000000,0.00020000,0.08000000
5.74,5.66,5.67,5.75,-2.125000,-1.625000,11.000000,0.117110,-0.095392,0.000000,0.02000000,0.00020000,0.08000000,0.02000000,0.00020000,0.08000000
5.74,5.66,5.67,5.75,-2.250000,-1.812500,11.000000,0.120160,-0.091208,0.000000,0.02000000,0.00020000,0.08000000,0.02000000,0.00020000,0.08000000
5.74,5.66,5.67,5.75,-2.375000,-2.000000,11.000000,0.123245,-0.086975,0.000000,0.02000000,0.00020000,0.08000000,0.02000000,0.00020000,0.08000000
5.74,5.66,5.67,5.75,-2.437500,-2.062500,11.000000,0.125122,-0.085186,0.000000,0.02000000,0.00020000,0.08000000,0.02000000,0.00020000,0.08000000
5.74,5.66,5.67,5.75,-2.125000,-1.812500,11.000000,0.119435,-0.089709,0.000000,0.02000000,0.00020000,0.08000000,0.02000000,0.00020000,0.08000000
5.74,5.66,5.67,5.75,-1.625000,-1.312500,11.000000,0.109909,-0.099321,0.000000,0.02000000,0.00020000,0.08000000,0.02000000,0.00020000,0.08000000
5.74,5.67,5.66,5.74,-1.187500,-0.937500,11.000000,0.101512,-0.106534,0.000000,0.02000000,0.00020000,0.08000000,0.02000000,0.00020000,0.08000000
5.74,5.67,5.66,5.74,-1.062500,-1.000000,11.000000,0.099266,-0.105054,0.000000,0.02000000,0.00020000,0.08000000,0.02000000,0.00020000,0.08000000
5.74,5.67,5.67,5.74,-1.250000,-1.312500,11.000000,0.103310,-0.098504,0.000000,0.02000000,0.00020000,0.08000000,0.02000000,0.00020000,0.08000000
5.74,5.66,5.67,5.75,-1.750000,-1.937500,11.000000,0.113707,-0.085584,0.000000,0.02000000,0.00020000,0.08000000,0.02000000,0.00020000,0.08000000
5.73,5.66,5.68,5.75,-2.187500,-2.625000,11.000000,0.122985,-0.071224,0.000000,0.02000000,0.00020000,0.08000000,0.02000000,0.00020000,0.08000000
5.73,5.65,5.68,5.75,-2.625000,-3.187500,11.000000,0.132378,-0.059183,0.000000,0.02000000,0.00020000,0.08000000,0.02000000,0.00020000,0.08000000
5.72,5.65,5.68,5.76,-2.875000,-3.437500,11.000000,0.138073,-0.053337,0.000000,0.02000000,0.00020000,0.08000000,0.02000000,0.00020000,0.08000000
5.72,5.83,5.69,5.56,-2.812500,-3.437500,11.000000,-0.362436,-0.052447,0.000000,0.02000000,0.00020000,0.08000000,0.02000000,0.00020000,0.08000000
5.72,5.65,5.68,5.75,-2.750000,-3.375000,11.000000,0.136943,-0.052933,0.000000,0.02000000,0.00020000,0.08000000,0.02000000,0.00020000,0.08000000
5.72,5.65,5.69,5.76,-2.750000,-3.437500,11.000000,0.137592,-0.050891,0.000000,0.02000000,0.00020000,0.08000000,0.02000000,0.00020000,0.08000000
5.72,5.65,5.69,5.75,-2.562500,-3.500000,11.000000,0.134529,-0.048762,0.000000,0.02000000,0.00020000,0.08000000,0.02000000,0.00020000,0.08000000
5.72,5.65,5.69,5.75,-2.500000,-3.562500,11.000000,0.133915,-0.046613,0.000000,0.02000000,0.00020000,0.08000000,0.02000000,0.00020000,0.08000000
5.72,5.65,5.69,5.75,-2.562500,-3.562500,11.000000,0.135827,-0.045671,0.000000,0.02000000,0.00020000,0.08000000,0.02000000,0.00020000,0.08000000
5.72,5.65,5.69,5.75,-2.500000,-3.500000,11.000000,0.135159,-0.046105,0.000000,0.02000000,0.00020000,0.08000000,0.02000000,0.00020000,0.08000000
5.72,5.66,5.68,5.75,-2.187500,-3.125000,11.000000,0.129518,-0.052731,0.000000,0.02000000,0.00020000,0.08000000,0.02000000,0.00020000,0.08000000
5.73,5.66,5.68,5.75,-1.812500,-2.812500,11.000000,0.122511,-0.058246,0.000000,0.02000000,0.00020000,0.08000000,0.02000000,0.00020000,0.08000000
5.73,5.66,5.68,5.75,-1.750000,-2.687500,11.000000,0.121703,-0.060059,0.000000,0.02000000,0.00020000,0.08000000,0.02000000,0.00020000,0.08000000
5.73,5.66,5.68,5.75,-1.875000,-2.812500,11.000000,0.124668,-0.056855,0.000000,0.02000000,0.00020000,0.08000000,0.02000000,0.00020000,0.08000000
5.72,5.66,5.68,5.75,-1.875000,-2.937500,11.000000,0.125144,-0.053616,0.000000,0.02000000,0.00020000,0.08000000,0.02000000,0.00020000,0.08000000
5.72,5.66,5.69,5.75,-1.937500,-3.000000,11.000000,0.126890,-0.051588,0.000000,0.02000000,0.00020000,0.08000000,0.02000000,0.00020000,0.08000000
5.72,5.66,5.69,5.75,-1.875000,-3.000000,11.000000,0.126130,-0.050819,0.000000,0.02000000,0.00020000,0.08000000,0.02000000,0.00020000,0.08000000
5.72,5.66,5.68,5.75,-1.875000,-2.812500,11.000000,0.126553,-0.053916,0.000000,0.02000000,0.00020000,0.08000000,0.02000000,0.00020000,0.08000000
5.73,5.66,5.68,5.75,-1.750000,-2.750000,11.000000,0.124495,-0.054491,0.000000,0.02000000,0.00020000,0.08000000,0.02000000,0.00020000,0.08000000
5.73,5.66,5.68,5.75,-1.500000,-2.562500,11.000000,0.119910,-0.057564,0.000000,0.02000000,0.00020000,0.08000000,0.02000000,0.00020000,0.08000000
5.73,5.66,5.68,5.75,-1.250000,-2.187500,11.000000,0.115256,-0.064466,0.000000,0.02000000,0.00020000,0.08000000,0.02000000,0.00020000,0.08000000
5.73,5.66,5.68,5.74,-0.875000,-1.937500,11.000000,0.108029,-0.068945,0.000000,0.02000000,0.00020000,0.08000000,0.02000000,0.00020000,0.08000000
5.73,5.67,5.68,5.74,-0.375000,-1.437500,11.000000,0.098191,-0.078509,0.000000,0.02000000,0.00020000,0.08000000,0.02000000,0.00020000,0.08000000
5.74,5.67,5.67,5.74,0.000000,-0.750000,11.000000,0.090743,-0.091979,0.000000,0.02000000,0.00020000,0.08000000,0.02000000,0.00020000,0.08000000
5.74,5.67,5.66,5.74,0.375000,0.062500,11.000000,0.083208,-0.108135,0.000000,0.02000000,0.00020000,0.08000000,0.02000000,0.00020000,0.08000000
5.75,5.68,5.66,5.73,0.875000,0.687500,11.000000,0.073049,-0.120745,0.000000,0.02000000,0.00020000,0.08000000,0.02000000,0.00020000,0.08000000
5.75,5.68,5.65,5.73,1.125000,1.312500,11.000000,0.067773,-0.133539,0.000000,0.02000000,0.00020000,0.08000000,0.02000000,0.00020000,0.08000000
5.76,5.68,5.65,5.73,1.500000,1.812500,11.000000,0.059936,-0.143953,0.000000,0.02000000,0.00020000,0.08000000,0.02000000,0.00020000,0.08000000
5.76,5.68,5.65,5.73,1.750000,2.375000,11.000000,0.054514,-0.155756,0.000000,0.02000000,0.00020000,0.08000000,0.02000000,0.00020000,0.08000000
5.77,5.69,5.64,5.72,1.937500,2.812500,11.000000,0.050278,-0.165226,0.000000,0.02000000,0.00020000,0.08000000,0.02000000,0.00020000,0.08000000
5.77,5.69,5.64,5.72,1.937500,2.812500,11.000000,0.049790,-0.165949,0.000000,0.02000000,0.00020000,0.08000000,0.02000000,0.00020000,0.08000000
5.76,5.68,5.64,5.72,1.750000,2.562500,11.000000,0.053058,-0.161661,0.000000,0.02000000,0.00020000,0.08000000,0.02000000,0.00020000,0.08000000
5.76,5.68,5.65,5.73,1.375000,2.000000,11.000000,0.060177,-0.150978,0.000000,0.02000000,0.00020000,0.08000000,0.02000000,0.00020000,0.08000000
5.76,5.68,5.65,5.73,0.875000,1.312500,11.000000,0.069899,-0.137641,0.000000,0.02000000,0.00020000,0.08000000,0.02000000,0.00020000,0.08000000
5.75,5.68,5.66,5.73,0.500000,0.437500,11.000000,0.077224,-0.120348,0.000000,0.02000000,0.00020000,0.08000000,0.02000000,0.00020000,0.08000000
5.74,5.67,5.67,5.74,-0.062500,-0.500000,11.000000,0.088436,-0.101561,0.000000,0.02000000,0.00020000,0.08000000,0.02000000,0.00020000,0.08000000
5.74,5.67,5.67,5.74,-0.500000,-1.375000,11.000000,0.097268,-0.083793,0.000000,0.02000000,0.00020000,0.08000000,0.02000000,0.00020000,0.08000000
5.73,5.66,5.68,5.74,-1.062500,-2.375000,11.000000,0.108720,-0.063297,0.000000,0.02000000,0.00020000,0.08000000,0.02000000,0.00020000,0.08000000
5.72,5.66,5.69,5.75,-1.687500,-3.250000,11.000000,0.121596,-0.045040,0.000000,0.02000000,0.00020000,0.08000000,0.02000000,0.00020000,0.08000000
5.72,5.66,5.69,5.75,-2.000000,-3.750000,11.000000,0.128317,-0.034141,0.000000,0.02000000,0.00020000,0.08000000,0.02000000,0.00020000,0.08000000
5.71,5.65,5.69,5.75,-2.187500,-4.062500,11.000000,0.132606,-0.026892,0.000000,0.02000000,0.00020000,0.08000000,0.02000000,0.00020000,0.08000000
5.71,5.65,5.70,5.76,-2.625000,-4.812500,11.000000,0.141978,-0.010756,0.000000,0.02000000,0.00020000,0.08000000,0.02000000,0.00020000,0.08000000
5.70,5.65,5.71,5.76,-3.125000,-6.312500,11.000000,0.152726,0.020674,0.000000,0.02000000,0.00020000,0.08000000,0.02000000,0.00020000,0.08000000
5.69,5.64,5.72,5.76,-3.500000,-7.562500,11.000000,0.161121,0.047543,0.000000,0.02000000,0.00020000,0.08000000,0.02000000,0.00020000,0.08000000
5.68,5.64,5.73,5.77,-3.875000,-8.750000,11.000000,0.169581,0.073406,0.000000,0.02000000,0.00020000,0.08000000,0.02000000,0.00020000,0.08000000
5.67,5.63,5.74,5.77,-4.437500,-10.062500,11.000000,0.181931,0.102143,0.000000,0.02000000,0.00020000,0.08000000,0.02000000,0.00020000,0.08000000
5.66,5.63,5.75,5.78,-5.000000,-11.125000,11.000000,0.194379,0.126075,0.000000,0.02000000,0.00020000,0.08000000,0.02000000,0.00020000,0.08000000
5.66,5.63,5.75,5.78,-5.187500,-11.187500,11.000000,0.199449,0.130206,0.000000,0.02000000,0.00020000,0.08000000,0.02000000,0.00020000,0.08000000
5.66,5.63,5.75,5.77,-4.687500,-10.250000,11.000000,0.190748,0.114243,0.000000,0.02000000,0.00020000,0.08000000,0.02000000,0.00020000,0.08000000
5.67,5.64,5.74,5.77,-3.562500,-8.687500,11.000000,0.169278,0.085310,0.000000,0.02000000,0.00020000,0.08000000,0.02000000,0.00020000,0.08000000
5.69,5.65,5.72,5.75,-1.875000,-6.625000,11.000000,0.136221,0.045977,0.000000,0.02000000,0.00020000,0.08000000,0.02000000,0.00020000,0.08000000
5.71,5.67,5.70,5.74,0.250000,-4.187500,11.000000,0.093887,-0.001508,0.000000,0.02000000,0.00020000,0.08000000,0.02000000,0.00020000,0.08000000
5.73,5.69,5.68,5.72,2.875000,-1.125000,11.000000,0.040984,-0.062151,0.000000,0.02000000,0.00020000,0.08000000,0.02000000,0.00020000,0.08000000
5.75,5.71,5.66,5.70,5.187500,1.625000,11.000000,-0.006264,-0.117263,0.000000,0.02000000,0.00020000,0.08000000,0.02000000,0.00020000,0.08000000
5.76,5.72,5.65,5.69,6.375000,3.062500,11.000000,-0.031532,-0.146660,0.000000,0.02000000,0.00020000,0.08000000,0.02000000,0.00020000,0.08000000
5.76,5.72,5.64,5.69,7.062500,3.812500,11.000000,-0.047051,-0.162572,0.000000,0.02000000,0.00020000,0.08000000,0.02000000,0.00020000,0.08000000
5.77,5.73,5.64,5.68,7.562500,4.250000,11.000000,-0.058922,-0.172358,0.000000,0.02000000,0.00020000,0.08000000,0.02000000,0.00020000,0.08000000
5.77,5.73,5.64,5.68,7.875000,4.625000,11.000000,-0.067233,-0.181042,0.000000,0.02000000,0.00020000,0.08000000,0.02000000,0.00020000,0.08000000
5.77,5.73,5.63,5.67,8.437500,5.062500,11.000000,-0.080590,-0.191047,0.000000,0.02000000,0.00020000,0.08000000,0.02000000,0.00020000,0.08000000
5.78,5.74,5.63,5.67,9.062500,5.562500,11.000000,-0.095361,-0.202417,0.000000,0.02000000,0.00020000,0.08000000,0.02000000,0.00020000,0.08000000
5.78,5.75,5.62,5.66,9.750000,6.375000,11.000000,-0.111504,-0.220175,0.000000,0.02000000,0.00020000,0.08000000,0.02000000,0.00020000,0.08000000
5.96,5.92,5.40,5.44,10.750000,7.437500,11.000000,-0.634204,-0.743249,0.000000,0.02000000,0.00020000,0.08000000,0.02000000,0.00020000,0.08000000
5.80,5.76,5.60,5.64,11.875000,8.625000,11.000000,-0.159654,-0.269098,0.000000,0.02000000,0.00020000,0.08000000,0.02000000,0.00020000,0.08000000
5.81,5.77,5.59,5.63,13.125000,10.187500,11.000000,-0.187853,-0.302753,0.000000,0.02000000,0.00020000,0.08000000,0.02000000,0.00020000,0.08000000
5.83,5.78,5.57,5.62,14.437500,12.000000,11.000000,-0.217655,-0.341680,0.000000,0.02000000,0.00020000,0.08000000,0.02000000,0.00020000,0.08000000
5.83,5.79,5.56,5.61,15.187500,13.062500,11.000000,-0.236503,-0.366107,0.000000,0.02000000,0.00020000,0.08000000,0.02000000,0.00020000,0.08000000
5.84,5.79,5.56,5.61,15.250000,13.125000,11.000000,-0.241513,-0.370595,0.000000,0.02000000,0.00020000,0.08000000,0.02000000,0.00020000,0.08000000
5.83,5.79,5.56,5.61,14.812500,12.375000,11.000000,-0.236616,-0.358868,0.000000,0.02000000,0.00020000,0.08000000,0.02000000,0.00020000,0.08000000
5.64,5.60,5.76,5.80,14.000000,11.187500,11.000000,0.275917,0.161853,0.000000,0.02000000,0.00020000,0.08000000,0.02000000,0.00020000,0.08000000
5.82,5.78,5.58,5.63,12.875000,9.687500,11.000000,-0.205061,-0.310841,0.000000,0.02000000,0.00020000,0.08000000,0.02000000,0.00020000,0.08000000
5.80,5.77,5.60,5.64,11.187500,7.625000,11.000000,-0.174218,-0.271694,0.000000,0.02000000,0.00020000,0.08000000,0.02000000,0.00020000,0.08000000
5.79,5.75,5.62,5.65,8.937500,5.062500,11.000000,-0.131669,-0.222043,0.000000,0.02000000,0.00020000,0.08000000,0.02000000,0.00020000,0.08000000
5.76,5.73,5.64,5.68,5.937500,1.875000,11.000000,-0.073353,-0.159061,0.000000,0.02000000,0.00020000,0.08000000,0.02000000,0.00020000,0.08000000
5.73,5.71,5.67,5.70,2.500000,-2.000000,11.000000,-0.005570,-0.081494,0.000000,0.02000000,0.00020000,0.08000000,0.02000000,0.00020000,0.08000000
5.70,5.68,5.71,5.73,-1.437500,-6.437500,11.000000,0.073074,0.008159,0.000000,0.02000000,0.00020000,0.08000000,0.02000000,0.00020000,0.08000000
5.67,5.65,5.74,5.76,-4.937500,-10.562500,11.000000,0.143839,0.092590,0.000000,0.02000000,0.00020000,0.08000000,0.02000000,0.00020000,0.08000000
5.65,5.64,5.75,5.77,-6.750000,-12.500000,11.000000,0.181515,0.134085,0.000000,0.02000000,0.00020000,0.08000000,0.02000000,0.00020000,0.08000000
5.66,5.64,5.75,5.77,-6.562500,-12.125000,11.000000,0.179379,0.129528,0.000000,0.02000000,0.00020000,0.08000000,0.02000000,0.00020000,0.08000000
5.67,5.65,5.74,5.76,-5.250000,-10.437500,11.000000,0.154556,0.098508,0.000000,0.02000000,0.00020000,0.08000000,0.02000000,0.00020000,0.08000000
5.68,5.66,5.73,5.75,-3.875000,-8.312500,11.000000,0.128087,0.058031,0.000000,0.02000000,0.00020000,0.08000000,0.02000000,0.00020000,0.08000000
5.70,5.67,5.71,5.74,-2.375000,-6.562500,11.000000,0.098872,0.024888,0.000000,0.02000000,0.00020000,0.08000000,0.02000000,0.00020000,0.08000000
5.71,5.68,5.70,5.73,-0.750000,-4.937500,11.000000,0.066766,-0.006153,0.000000,0.02000000,0.00020000,0.08000000,0.02000000,0.00020000,0.08000000
5.72,5.69,5.69,5.72,0.875000,-3.062500,11.000000,0.034224,-0.042731,0.000000,0.02000000,0.00020000,0.08000000,0.02000000,0.00020000,0.08000000
5.73,5.70,5.68,5.71,2.187500,-1.375000,11.000000,0.007564,-0.075998,0.000000,0.02000000,0.00020000,0.08000000,0.02000000,0.00020000,0.08000000
5.74,5.71,5.67,5.70,3.250000,-0.062500,11.000000,-0.014353,-0.102117,0.000000,0.02000000,0.00020000,0.08000000,0.02000000,0.00020000,0.08000000
5.75,5.72,5.66,5.69,4.062500,1.125000,11.000000,-0.031527,-0.126036,0.000000,0.02000000,0.00020000,0.08000000,0.02000000,0.00020000,0.08000000
5.76,5.72,5.65,5.69,4.750000,2.062500,11.000000,-0.046345,-0.145194,0.000000,0.02000000,0.00020000,0.08000000,0.02000000,0.00020000,0.08000000
5.76,5.72,5.64,5.68,5.062500,2.750000,11.000000,-0.053723,-0.159506,0.000000,0.02000000,0.00020000,0.08000000,0.02000000,0.00020000,0.08000000
5.77,5.73,5.64,5.68,5.250000,3.000000,11.000000,-0.058709,-0.165201,0.000000,0.02000000,0.00020000,0.08000000,0.02000000,0.00020000,0.08000000
5.76,5.73,5.64,5.68,5.125000,2.875000,11.000000,-0.057467,-0.163417,0.000000,0.02000000,0.00020000,0.08000000,0.02000000,0.00020000,0.08000000
5.76,5.72,5.65,5.69,4.687500,2.437500,11.000000,-0.049910,-0.155300,0.000000,0.02000000,0.00020000,0.08000000,0.02000000,0.00020000,0.08000000
5.76,5.72,5.65,5.69,3.875000,1.687500,11.000000,-0.034542,-0.140722,0.000000,0.02000000,0.00020000,0.08000000,0.02000000,0.00020000,0.08000000
5.75,5.71,5.66,5.70,3.000000,0.687500,11.000000,-0.017877,-0.121007,0.000000,0.02000000,0.00020000,0.08000000,0.02000000,0.00020000,0.08000000
5.74,5.71,5.67,5.70,2.125000,-0.312500,11.000000,-0.001024,-0.101028,0.000000,0.02000000,0.00020000,0.08000000,0.02000000,0.00020000,0.08000000
5.74,5.70,5.67,5.71,1.250000,-1.000000,11.000000,0.016063,-0.087099,0.000000,0.02000000,0.00020000,0.08000000,0.02000000,0.00020000,0.08000000
5.73,5.69,5.68,5.72,0.437500,-1.625000,11.000000,0.032106,-0.074253,0.000000,0.02000000,0.00020000,0.08000000,0.02000000,0.00020000,0.08000000
5.73,5.69,5.68,5.72,0.062500,-2.062500,11.000000,0.039544,-0.065010,0.000000,0.02000000,0.00020000,0.08000000,0.02000000,0.00020000,0.08000000
5.73,5.69,5.68,5.72,-0.250000,-2.187500,11.000000,0.045823,-0.061944,0.000000,0.02000000,0.00020000,0.08000000,0.02000000,0.00020000,0.08000000
5.73,5.68,5.68,5.73,-0.687500,-2.312500,11.000000,0.054698,-0.058879,0.000000,0.02000000,0.00020000,0.08000000,0.02000000,0.00020000,0.08000000
5.72,5.68,5.68,5.73,-1.062500,-2.562500,11.000000,0.062432,-0.053232,0.000000,0.02000000,0.00020000,0.08000000,0.02000000,0.00020000,0.08000000
5.72,5.68,5.69,5.73,-1.312500,-2.937500,11.000000,0.067728,-0.045034,0.000000,0.02000000,0.00020000,0.08000000,0.02000000,0.00020000,0.08000000
5.72,5.68,5.69,5.73,-1.625000,-3.062500,11.000000,0.074370,-0.041761,0.000000,0.02000000,0.00020000,0.08000000,0.02000000,0.00020000,0.08000000
5.72,5.67,5.69,5.73,-1.875000,-3.062500,11.000000,0.079832,-0.040977,0.000000,0.02000000,0.00020000,0.08000000,0.02000000,0.00020000,0.08000000
5.72,5.67,5.69,5.74,-2.125000,-3.125000,11.000000,0.085348,-0.038938,0.000000,0.02000000,0.00020000,0.08000000,0.02000000,0.00020000,0.08000000
5.72,5.67,5.69,5.74,-2.062500,-3.000000,11.000000,0.084597,-0.040705,0.000000,0.02000000,0.00020000,0.08000000,0.02000000,0.00020000,0.08000000
5.72,5.67,5.69,5.74,-1.937500,-2.812500,11.000000,0.082594,-0.043728,0.000000,0.02000000,0.00020000,0.08000000,0.02000000,0.00020000,0.08000000
5.72,5.67,5.69,5.73,-1.750000,-2.375000,11.000000,0.079330,-0.051809,0.000000,0.02000000,0.00020000,0.08000000,0.02000000,0.00020000,0.08000000
5.73,5.68,5.68,5.73,-1.187500,-1.812500,11.000000,0.068441,-0.062536,0.000000,0.02000000,0.00020000,0.08000000,0.02000000,0.00020000,0.08000000
5.73,5.68,5.68,5.73,-0.687500,-1.062500,11.000000,0.058672,-0.077189,0.000000,0.02000000,0.00020000,0.08000000,0.02000000,0.00020000,0.08000000
5.74,5.69,5.67,5.72,-0.250000,-0.375000,11.000000,0.050044,-0.090753,0.000000,0.02000000,0.00020000,0.08000000,0.02000000,0.00020000,0.08000000
5.74,5.69,5.66,5.72,0.125000,0.375000,11.000000,0.042550,-0.105760,0.000000,0.02000000,0.00020000,0.08000000,0.02000000,0.00020000,0.08000000
5.75,5.69,5.66,5.72,0.312500,0.875000,11.000000,0.038732,-0.115938,0.000000,0.02000000,0.00020000,0.08000000,0.02000000,0.00020000,0.08000000
5.75,5.69,5.66,5.72,0.125000,0.812500,11.000000,0.042434,-0.114880,0.000000,0.02000000,0.00020000,0.08000000,0.02000000,0.00020000,0.08000000
5.75,5.69,5.66,5.72,-0.250000,0.625000,11.000000,0.049957,-0.111328,0.000000,0.02000000,0.00020000,0.08000000,0.02000000,0.00020000,0.08000000
5.74,5.68,5.66,5.73,-0.625000,0.312500,11.000000,0.057576,-0.105190,0.000000,0.02000000,0.00020000,0.08000000,0.02000000,0.00020000,0.08000000
5.74,5.68,5.67,5.73,-0.875000,0.125000,11.000000,0.062769,-0.101485,0.000000,0.02000000,0.00020000,0.08000000,0.02000000,0.00020000,0.08000000
5.74,5.68,5.67,5.73,-1.250000,0.125000,11.000000,0.070532,-0.101506,0.000000,0.02000000,0.00020000,0.08000000,0.02000000,0.00020000,0.08000000
5.74,5.68,5.67,5.73,-1.312500,0.250000,11.000000,0.072119,-0.104051,0.000000,0.02000000,0.00020000,0.08000000,0.02000000,0.00020000,0.08000000
5.74,5.68,5.66,5.73,-1.312500,0.375000,11.000000,0.072458,-0.106631,0.000000,0.02000000,0.00020000,0.08000000,0.02000000,0.00020000,0.08000000
5.74,5.68,5.67,5.73,-1.562500,0.250000,11.000000,0.077812,-0.104207,0.000000,0.02000000,0.00020000,0.08000000,0.02000000,0.00020000,0.08000000
5.74,5.67,5.67,5.74,-1.750000,0.125000,11.000000,0.082002,-0.101751,0.000000,0.02000000,0.00020000,0.08000000,0.02000000,0.00020000,0.08000000
5.74,5.67,5.67,5.74,-1.875000,0.187500,11.000000,0.084958,-0.103035,0.000000,0.02000000,0.00020000,0.08000000,0.02000000,0.00020000,0.08000000
5.74,5.67,5.66,5.74,-1.812500,0.312500,11.000000,0.084158,-0.105600,0.000000,0.02000000,0.00020000,0.08000000,0.02000000,0.00020000,0.08000000
5.74,5.67,5.66,5.74,-1.875000,0.375000,11.000000,0.085870,-0.106946,0.000000,0.02000000,0.00020000,0.08000000,0.02000000,0.00020000,0.08000000
5.74,5.67,5.66,5.74,-2.062500,0.312500,11.000000,0.090118,-0.105783,0.000000,0.02000000,0.00020000,0.08000000,0.02000000,0.00020000,0.08000000
5.75,5.67,5.66,5.74,-2.062500,0.562500,11.000000,0.090676,-0.110889,0.000000,0.02000000,0.00020000,0.08000000,0.02000000,0.00020000,0.08000000
5.75,5.85,5.66,5.54,-1.500000,1.250000,11.000000,-0.420130,-0.124880,0.000000,0.02000000,0.00020000,0.08000000,0.02000000,0.00020000,0.08000000
5.40,5.40,5.40,5.40,-0.875000,2.062500,0.000000,0.000000,0.000000,0.000000,0.02000000,0.00020000,0.08000000,0.02000000,0.00020000,0.08000000
5.00,5.00,5.00,5.00,-0.375000,2.875000,0.000000,0.000000,0.000000,0.000000,0.02000000,0.00020000,0.08000000,0.02000000,0.00020000,0.08000000
5.00,5.00,5.00,5.00,-0.250000,3.187500,0.000000,0.000000,0.000000,0.000000,0.02000000,0.00020000,0.08000000,0.02000000,0.00020000,0.08000000
5.00,5.00,5.00,5.00,-0.375000,3.812500,0.000000,0.000000,0.000000,0.000000,0.02000000,0.00020000,0.08000000,0.02000000,0.00020000,0.08000000
5.00,5.00,5.00,5.00,-0.062500,4.750000,0.000000,0.000000,0.000000,0.000000,0.02000000,0.00020000,0.08000000,0.02000000,0.00020000,0.08000000
5.00,5.00,5.00,5.00,0.000000,5.250000,0.000000,0.000000,0.000000,0.000000,0.02000000,0.00020000,0.08000000,0.02000000,0.00020000,0.08000000
5.00,5.00,5.00,5.00,0.000000,5.437500,0.000000,0.000000,0.000000,0.000000,0.02000000,0.00020000,0.08000000,0.02000000,0.00020000,0.08000000
5.00,5.00,5.00,5.00,0.000000,5.437500,0.000000,0.000000,0.000000,0.000000,0.02000000,0.00020000,0.08000000,0.02000000,0.00020000,0.08000000
5.00,5.00,5.00,5.00,0.000000,5.437500,0.000000,0.000000,0.000000,0.000000,0.02000000,0.00020000,0.08000000,0.02000000,0.00020000,0.08000000
5.00,5.00,5.00,5.00,0.000000,5.437500,0.000000,0.000000,0.000000,0.000000,0.02000000,0.00020000,0.08000000,0.02000000,0.00020000,0.08000000
5.00,5.00,5.00,5.00,0.000000,5.375000,0.000000,0.000000,0.000000,0.000000,0.02000000,0.00020000,0.08000000,0.02000000,0.00020000,0.08000000
5.00,5.00,5.00,5.00,0.000000,5.375000,0.000000,0.000000,0.000000,0.000000,0.02000000,0.00020000,0.08000000,0.02000000,0.00020000,0.08000000
5.00,5.00,5.00,5.00,0.000000,5.375000,0.000000,0.000000,0.000000,0.000000,0.02000000,0.00020000,0.08000000,0.02000000,0.00020000,0.08000000
5.00,5.00,5.00,5.00,0.000000,5.312500,0.000000,0.000000,0.000000,0.000000,0.02000000,0.00020000,0.08000000,0.02000000,0.00020000,0.08000000
5.00,5.00,5.00,5.00,-0.125000,5.062500,0.000000,0.000000,0.000000,0.000000,0.02000000,0.00020000,0.08000000,0.02000000,0.00020000,0.08000000
5.00,5.00,5.00,5.00,-0.125000,5.062500,0.000000,0.000000,0.000000,0.000000,0.02000000,0.00020000,0.08000000,0.02000000,0.00020000,0.08000000
5.00,5.00,5.00,5.00,-0.187500,4.937500,0.000000,0.000000,0.000000,0.000000,0.02000000,0.00020000,0.08000000,0.02000000,0.00020000,0.08000000
5.00,5.00,5.00,5.00,-0.250000,4.812500,0.000000,0.000000,0.000000,0.000000,0.02000000,0.00020000,0.08000000,0.02000000,0.00020000,0.08000000
5.00,5.00,5.00,5.00,-0.312500,4.687500,0.000000,0.000000,0.000000,0.000000,0.02000000,0.00020000,0.08000000,0.02000000,0.00020000,0.08000000
5.00,5.00,5.00,5.00,-0.312500,4.562500,0.000000,0.000000,0.000000,0.000000,0.02000000,0.00020000,0.08000000,0.02000000,0.00020000,0.08000000
5.00,5.00,5.00,5.00,-0.375000,4.500000,0.000000,0.000000,0.000000,0.000000,0.02000000,0.00020000,0.08000000,0.02000000,0.00020000,0.08000000
5.00,5.00,5.00,5.00,-0.375000,4.437500,0.000000,0.000000,0.000000,0.000000,0.02000000,0.00020000,0.08000000,0.02000000,0.00020000,0.08000000
5.00,5.00,5.00,5.00,-0.437500,4.375000,0.000000,0.000000,0.000000,0.000000,0.02000000,0.00020000,0.08000000,0.02000000,0.00020000,0.08000000
5.00,5.00,5.00,5.00,-0.437500,4.375000,0.000000,0.000000,0.000000,0.000000,0.02000000,0.00020000,0.08000000,0.02000000,0.00020000,0.08000000
5.00,5.00,5.00,5.00,-0.437500,4.312500,0.000000,0.000000,0.000000,0.000000,0.02000000,0.00020000,0.08000000,0.02000000,0.00020000,0.08000000
5.00,5.00,5.00,5.00,-0.437500,4.312500,0.000000,0.000000,0.000000,0.000000,0.02000000,0.00020000,0.08000000,0.02000000,0.00020000,0.08000000
5.00,5.00,5.00,5.00,-0.437500,4.250000,0.000000,0.000000,0.000000,0.000000,0.02000000,0.00020000,0.08000000,0.02000000,0.00020000,0.08000000
5.00,5.00,5.00,5.00,-0.500000,4.187500,0.000000,0.000000,0.000000,0.000000,0.02000000,0.00020000,0.08000000,0.02000000,0.00020000,0.08000000
5.00,5.00,5.00,5.00,-0.500000,4.187500,0.000000,0.000000,0.000000,0.000000,0.02000000,0.00020000,0.08000000,0.02000000,0.00020000,0.08000000
5.00,5.00,5.00,5.00,-0.500000,4.125000,0.000000,0.000000,0.000000,0.000000,0.02000000,0.00020000,0.08000000,0.02000000,0.00020000,0.08000000
5.00,5.00,5.00,5.00,-0.500000,4.125000,0.000000,0.000000,0.000000,0.000000,0.02000000,0.00020000,0.08000000,0.02000000,0.00020000,0.08000000
5.00,5.00,5.00,5.00,-0.500000,4.125000,0.000000,0.000000,0.000000,0.000000,0.02000000,0.00020000,0.08000000,0.02000000,0.00020000,0.08000000
5.00,5.00,5.00,5.00,-0.562500,4.062500,0.000000,0.000000,0.000000,0.000000,0.02000000,0.00020000,0.08000000,0.02000000,0.00020000,0.08000000
5.00,5.00,5.00,5.00,-0.562500,4.062500,0.000000,0.000000,0.000000,0.000000,0.02000000,0.00020000,0.08000000,0.02000000,0.00020000,0.08000000
5.00,5.00,5.00,5.00,-0.562500,4.062500,0.000000,0.000000,0.000000,0.000000,0.02000000,0.00020000,0.08000000,0.02000000,0.00020000,0.08000000
5.00,5.00,5.00,5.00,-0.562500,4.062500,0.000000,0.000000,0.000000,0.000000,0.02000000,0.00020000,0.08000000,0.02000000,0.00020000,0.08000000
5.00,5.00,5.00,5.00,-0.562500,4.062500,0.000000,0.000000,0.000000,0.000000,0.02000000,0.00020000,0.08000000,0.02000000,0.00020000,0.08000000
5.00,5.00,5.00,5.00,-0.562500,4.062500,0.000000,0.000000,0.000000,0.000000,0.02000000,0.00020000,0.08000000,0.02000000,0.00020000,0.08000000
5.00,5.00,5.00,5.00,-0.562500,4.062500,0.000000,0.000000,0.000000,0.000000,0.02000000,0.00020000,0.08000000,0.02000000,0.00020000,0.08000000
5.00,5.00,5.00,5.00,-0.562500,4.062500,0.000000,0.000000,0.000000,0.000000,0.02000000,0.00020000,0.08000000,0.02000000,0.00020000,0.08000000
5.00,5.00,5.00,5.00,-0.562500,4.062500,0.000000,0.000000,0.000000,0.000000,0.02000000,0.00020000,0.08000000,0.02000000,0.00020000,0.08000000
5.00,5.00,5.00,5.00,-0.562500,4.000000,0.000000,0.000000,0.000000,0.000000,0.02000000,0.00020000,0.08000000,0.02000000,0.00020000,0.08000000
5.00,5.00,5.00,5.00,-0.625000,4.000000,0.000000,0.000000,0.000000,0.000000,0.02000000,0.00020000,0.08000000,0.02000000,0.00020000,0.08000000
5.00,5.00,5.00,5.00,-0.625000,3.937500,0.000000,0.000000,0.000000,0.000000,0.02000000,0.00020000,0.08000000,0.02000000,0.00020000,0.08000000
5.00,5.00,5.00,5.00,-0.625000,3.937500,0.000000,0.000000,0.000000,0.000000,0.02000000,0.00020000,0.08000000,0.02000000,0.00020000,0.08000000
5.00,5.00,5.00,5.00,-0.687500,3.937500,0.000000,0.000000,0.000000,0.000000,0.02000000,0.00020000,0.08000000,0.02000000,0.00020000,0.08000000
5.00,5.00,5.00,5.00,-0.687500,3.875000,0.000000,0.000000,0.000000,0.000000,0.02000000,0.00020000,0.08000000,0.02000000,0.00020000,0.08000000
5.00,5.00,5.00,5.00,-0.687500,3.875000,0.000000,0.000000,0.000000,0.000000,0.02000000,0.00020000,0.08000000,0.02000000,0.00020000,0.08000000
5.00,5.00,5.00,5.00,-0.750000,3.875000,0.000000,0.000000,0.000000,0.000000,0.02000000,0.00020000,0.08000000,0.02000000,0.00020000,0.08000000
5.00,5.00,5.00,5.00,-0.750000,3.812500,0.000000,0.000000,0.000000,0.000000,0.02000000,0.00020000,0.08000000,0.02000000,0.00020000,0.08000000
5.00,5.00,5.00,5.00,-0.750000,3.812500,0.000000,0.000000,0.000000,0.000000,0.02000000,0.00020000,0.08000000,0.02000000,0.00020000,0.08000000
5.00,5.00,5.00,5.00,-0.750000,3.812500,0.000000,0.000000,0.000000,0.000000,0.02000000,0.00020000,0.08000000,0.02000000,0.00020000,0.08000000
5.00,5.00,5.00,5.00,-0.750000,3.812500,0.000000,0.000000,0.000000,0.000000,0.02000000,0.00020000,0.08000000,0.02000000,0.00020000,0.08000000
5.00,5.00,5.00,5.00,-0.750000,3.812500,0.000000,0.000000,0.000000,0.000000,0.02000000,0.00020000,0.08000000,0.02000000,0.00020000,0.08000000
5.00,5.00,5.00,5.00,-0.750000,3.812500,0.000000,0.000000,0.000000,0.000000,0.02000000,0.00020000,0.08000000,0.02000000,0.00020000,0.08000000
5.00,5.00,5.00,5.00,-0.750000,3.812500,0.000000,0.000000,0.000000,0.000000,0.02000000,0.00020000,0.08000000,0.02000000,0.00020000,0.08000000
5.00,5.00,5.00,5.00,-0.750000,3.812500,0.000000,0.000000,0.000000,0.000000,0.02000000,0.00020000,0.08000000,0.02000000,0.00020000,0.08000000
5.00,5.00,5.00,5.00,-0.750000,3.812500,0.000000,0.000000,0.000000,0.000000,0.02000000,0.00020000,0.08000000,0.02000000,0.00020000,0.08000000
5.00,5.00,5.00,5.00,-0.750000,3.812500,0.000000,0.000000,0.000000,0.000000,0.02000000,0.00020000,0.08000000,0.02000000,0.00020000,0.08000000
5.00,5.00,5.00,5.00,-0.750000,3.812500,0.000000,0.000000,0.000000,0.000000,0.02000000,0.00020000,0.08000000,0.02000000,0.00020000,0.08000000
5.00,5.00,5.00,5.00,-0.750000,3.812500,0.000000,0.000000,0.000000,0.000000,0.02000000,0.00020000,0.08000000,0.02000000,0.00020000,0.08000000
5.00,5.00,5.00,5.00,-0.750000,3.812500,0.000000,0.000000,0.000000,0.000000,0.02000000,0.00020000,0.08000000,0.02000000,0.00020000,0.08000000
5.00,5.00,5.00,5.00,-0.750000,3.812500,0.000000,0.000000,0.000000,0.000000,0.02000000,0.00020000,0.08000000,0.02000000,0.00020000,0.08000000
5.00,5.00,5.00,5.00,-0.750000,3.812500,0.000000,0.000000,0.000000,0.000000,0.02000000,0.00020000,0.08000000,0.02000000,0.00020000,0.08000000
5.00,5.00,5.00,5.00,-0.750000,3.812500,0.000000,0.000000,0.000000,0.000000,0.02000000,0.00020000,0.08000000,0.02000000,0.00020000,0.08000000
5.00,5.00,5.00,5.00,-0.750000,3.812500,0.000000,0.000000,0.000000,0.000000,0.02000000,0.00020000,0.08000000,0.02000000,0.00020000,0.08000000
5.00,5.00,5.00,5.00,-0.750000,3.812500,0.000000,0.000000,0.000000,0.000000,0.02000000,0.00020000,0.08000000,0.02000000,0.00020000,0.08000000
5.00,5.00,5.00,5.00,-0.750000,3.812500,0.000000,0.000000,0.000000,0.000000,0.02000000,0.00020000,0.08000000,0.02000000,0.00020000,0.08000000
5.00,5.00,5.00,5.00,-0.750000,3.812500,0.000000,0.000000,0.000000,0.000000,0.02000000,0.00020000,0.08000000,0.02000000,0.00020000,0.08000000
5.00,5.00,5.00,5.00,-0.750000,3.812500,0.000000,0.000000,0.000000,0.000000,0.02000000,0.00020000,0.08000000,0.02000000,0.00020000,0.08000000
5.00,5.00,5.00,5.00,-0.750000,3.812500,0.000000,0.000000,0.000000,0.000000,0.02000000,0.00020000,0.08000000,0.02000000,0.00020000,0.08000000
5.00,5.00,5.00,5.00,-0.750000,3.812500,0.000000,0.000000,0.000000,0.000000,0.02000000,0.00020000,0.08000000,0.02000000,0.00020000,0.08000000
5.00,5.00,5.00,5.00,-0.750000,3.812500,0.000000,0.000000,0.000000,0.000000,0.02000000,0.00020000,0.08000000,0.02000000,0.00020000,0.08000000
5.00,5.00,5.00,5.00,-0.750000,3.812500,0.000000,0.000000,0.000000,0.000000,0.02000000,0.00020000,0.08000000,0.02000000,0.00020000,0.08000000
5.00,5.00,5.00,5.00,-0.750000,3.812500,0.000000,0.000000,0.000000,0.000000,0.02000000,0.00020000,0.08000000,0.02000000,0.00020000,0.08000000
5.00,5.00,5.00,5.00,-0.750000,3.812500,0.000000,0.000000,0.000000,0.000000,0.02000000,0.00020000,0.08000000,0.02000000,0.00020000,0.08000000
5.00,5.00,5.00,5.00,-0.750000,3.812500,0.000000,0.000000,0.000000,0.000000,0.02000000,0.00020000,0.08000000,0.02000000,0.00020000,0.08000000
5.00,5.00,5.00,5.00,-0.750000,3.812500,0.000000,0.000000,0.000000,0.000000,0.02000000,0.00020000,0.08000000,0.02000000,0.00020000,0.08000000
5.00,5.00,5.00,5.00,-0.750000,3.812500,0.000000,0.000000,0.000000,0.000000,0.02000000,0.00020000,0.08000000,0.02000000,0.00020000,0.08000000
5.00,5.00,5.00,5.00,-0.750000,3.812500,0.000000,0.000000,0.000000,0.000000,0.02000000,0.00020000,0.08000000,0.02000000,0.00020000,0.08000000
5.00,5.00,5.00,5.00,-0.750000,3.812500,0.000000,0.000000,0.000000,0.000000,0.02000000,0.00020000,0.08000000,0.02000000,0.00020000,0.08000000
5.00,5.00,5.00,5.00,-0.750000,3.812500,0.000000,0.000000,0.000000,0.000000,0.02000000,0.00020000,0.08000000,0.02000000,0.00020000,0.08000000
5.00,5.00,5.00,5.00,-0.750000,3.812500,0.000000,0.000000,0.000000,0.000000,0.02000000,0.00020000,0.08000000,0.02000000,0.00020000,0.08000000
5.00,5.00,5.00,5.00,-0.750000,3.812500,0.000000,0.000000,0.000000,0.000000,0.02000000,0.00020000,0.08000000,0.02000000,0.00020000,0.08000000
5.00,5.00,5.00,5.00,-0.750000,3.812500,0.000000,0.000000,0.000000,0.000000,0.02000000,0.00020000,0.08000000,0.02000000,0.00020000,0.08000000
5.00,5.00,5.00,5.00,-0.750000,3.812500,0.000000,0.000000,0.000000,0.000000,0.02000000,0.00020000,0.08000000,0.02000000,0.00020000,0.08000000
5.00,5.00,5.00,5.00,-0.750000,3.812500,0.000000,0.000000,0.000000,0.000000,0.02000000,0.00020000,0.08000000,0.02000000,0.00020000,0.08000000
5.00,5.00,5.00,5.00,-0.750000,3.812500,0.000000,0.000000,0.000000,0.000000,0.02000000,0.00020000,0.08000000,0.02000000,0.00020000,0.08000000
5.00,5.00,5.00,5.00,-0.750000,3.812500,0.000000,0.000000,0.000000,0.000000,0.02000000,0.00020000,0.08000000,0.02000000,0.00020000,0.08000000
5.00,5.00,5.00,5.00,-0.750000,3.812500,0.000000,0.000000,0.000000,0.000000,0.02000000,0.00020000,0.08000000,0.02000000,0.00020000,0.08000000
5.00,5.00,5.00,5.00,-0.750000,3.812500,0.000000,0.000000,0.000000,0.000000,0.02000000,0.00020000,0.08000000,0.02000000,0.00020000,0.08000000
5.00,5.00,5.00,5.00,-0.750000,3.812500,0.000000,0.000000,0.000000,0.000000,0.02000000,0.00020000,0.08000000,0.02000000,0.00020000,0.08000000
5.00,5.00,5.00,5.00,-0.750000,3.812500,0.000000,0.000000,0.000000,0.000000,0.02000000,0.00020000,0.08000000,0.02000000,0.00020000,0.08000000
5.00,5.00,5.00,5.00,-0.750000,3.812500,0.000000,0.000000,0.000000,0.000000,0.02000000,0.00020000,0.08000000,0.02000000,0.00020000,0.08000000
5.00,5.00,5.00,5.00,-0.750000,3.812500,0.000000,0.000000,0.000000,0.000000,0.02000000,0.00020000,0.08000000,0.02000000,0.00020000,0.08000000
5.00,5.00,5.00,5.00,-0.750000,3.812500,0.000000,0.000000,0.000000,0.000000,0.02000000,0.00020000,0.08000000,0.02000000,0.00020000,0.08000000
5.00,5.00,5.00,5.00,-0.750000,3.812500,0.000000,0.000000,0.000000,0.000000,0.02000000,0.00020000,0.08000000,0.02000000,0.00020000,0.08000000
5.00,5.00,5.00,5.00,-0.750000,3.812500,0.000000,0.000000,0.000000,0.000000,0.02000000,0.00020000,0.08000000,0.02000000,0.00020000,0.08000000
5.00,5.00,5.00,5.00,-0.750000,3.812500,0.000000,0.000000,0.000000,0.000000,0.02000000,0.00020000,0.08000000,0.02000000,0.00020000,0.08000000
5.00,5.00,5.00,5.00,-0.750000,3.812500,0.000000,0.000000,0.000000,0.000000,0.02000000,0.00020000,0.08000000,0.02000000,0.00020000,0.08000000
5.00,5.00,5.00,5.00,-0.750000,3.812500,0.000000,0.000000,0.000000,0.000000,0.02000000,0.00020000,0.08000000,0.02000000,0.00020000,0.08000000
5.00,5.00,5.00,5.00,-0.750000,3.812500,0.000000,0.000000,0.000000,0.000000,0.02000000,0.00020000,0.08000000,0.02000000,0.00020000,0.08000000
5.00,5.00,5.00,5.00,-0.750000,3.812500,0.000000,0.000000,0.000000,0.000000,0.02000000,0.00020000,0.08000000,0.02000000,0.00020000,0.08000000
5.00,5.00,5.00,5.00,-0.750000,3.812500,0.000000,0.000000,0.000000,0.000000,0.02000000,0.00020000,0.08000000,0.02000000,0.00020000,0.08000000
5.00,5.00,5.00,5.00,-0.750000,3.812500,0.000000,0.000000,0.000000,0.000000,0.02000000,0.00020000,0.08000000,0.02000000,0.00020000,0.08000000
5.00,5.00,5.00,5.00,-0.750000,3.812500,0.000000,0.000000,0.000000,0.000000,0.02000000,0.00020000,0.08000000,0.02000000,0.00020000,0.08000000
5.00,5.00,5.00,5.00,-0.750000,3.812500,0.000000,0.000000,0.000000,0.000000,0.02000000,0.00020000,0.08000000,0.02000000,0.00020000,0.08000000
5.00,5.00,5.00,5.00,-0.750000,3.812500,0.000000,0.000000,0.000000,0.000000,0.02000000,0.00020000,0.08000000,0.02000000,0.00020000,0.08000000
5.00,5.00,5.00,5.00,-0.812500,3.812500,0.000000,0.000000,0.000000,0.000000,0.02000000,0.00020000,0.08000000,0.02000000,0.00020000,0.08000000
5.00,5.00,5.00,5.00,-0.812500,3.812500,0.000000,0.000000,0.000000,0.000000,0.02000000,0.00020000,0.08000000,0.02000000,0.00020000,0.08000000
5.00,5.00,5.00,5.00,-0.812500,3.812500,0.000000,0.000000,0.000000,0.000000,0.02000000,0.00020000,0.08000000,0.02000000,0.00020000,0.08000000
5.00,5.00,5.00,5.00,-0.812500,3.812500,0.000000,0.000000,0.000000,0.000000,0.02000000,0.00020000,0.08000000,0.02000000,0.00020000,0.08000000
5.00,5.00,5.00,5.00,-0.812500,3.812500,0.000000,0.000000,0.000000,0.000000,0.02000000,0.00020000,0.08000000,0.02000000,0.00020000,0.08000000
5.00,5.00,5.00,5.00,-0.875000,3.750000,0.000000,0.000000,0.000000,0.000000,0.02000000,0.00020000,0.08000000,0.02000000,0.00020000,0.08000000
5.00,5.00,5.00,5.00,-0.875000,3.750000,0.000000,0.000000,0.000000,0.000000,0.02000000,0.00020000,0.08000000,0.02000000,0.00020000,0.08000000
5.00,5.00,5.00,5.00,-0.875000,3.750000,0.000000,0.000000,0.000000,0.000000,0.02000000,0.00020000,0.08000000,0.02000000,0.00020000,0.08000000
5.00,5.00,5.00,5.00,-0.875000,3.750000,0.000000,0.000000,0.000000,0.000000,0.02000000,0.00020000,0.08000000,0.02000000,0.00020000,0.08000000
5.00,5.00,5.00,5.00,-0.875000,3.750000,0.000000,0.000000,0.000000,0.000000,0.02000000,0.00020000,0.08000000,0.02000000,0.00020000,0.08000000
5.00,5.00,5.00,5.00,-0.875000,3.750000,0.000000,0.000000,0.000000,0.000000,0.02000000,0.00020000,0.08000000,0.02000000,0.00020000,0.08000000
5.00,5.00,5.00,5.00,-0.875000,3.750000,0.000000,0.000000,0.000000,0.000000,0.02000000,0.00020000,0.08000000,0.02000000,0.00020000,0.08000000
5.00,5.00,5.00,5.00,-0.875000,3.750000,0.000000,0.000000,0.000000,0.000000,0.02000000,0.00020000,0.08000000,0.02000000,0.00020000,0.08000000
5.00,5.00,5.00,5.00,-0.875000,3.750000,0.000000,0.000000,0.000000,0.000000,0.02000000,0.00020000,0.08000000,0.02000000,0.00020000,0.08000000
5.00,5.00,5.00,5.00,-0.875000,3.750000,0.000000,0.000000,0.000000,0.000000,0.02000000,0.00020000,0.08000000,0.02000000,0.00020000,0.08000000
5.00,5.00,5.00,5.00,-0.875000,3.750000,0.000000,0.000000,0.000000,0.000000,0.02000000,0.00020000,0.08000000,0.02000000,0.00020000,0.08000000
5.00,5.00,5.00,5.00,-0.875000,3.750000,0.000000,0.000000,0.000000,0.000000,0.02000000,0.00020000,0.08000000,0.02000000,0.00020000,0.08000000
5.00,5.00,5.00,5.00,-0.875000,3.750000,0.000000,0.000000,0.000000,0.000000,0.02000000,0.00020000,0.08000000,0.02000000,0.00020000,0.08000000
5.00,5.00,5.00,5.00,-0.875000,3.750000,0.000000,0.000000,0.000000,0.000000,0.02000000,0.00020000,0.08000000,0.02000000,0.00020000,0.08000000
5.00,5.00,5.00,5.00,-0.875000,3.750000,0.000000,0.000000,0.000000,0.000000,0.02000000,0.00020000,0.08000000,0.02000000,0.00020000,0.08000000
5.00,5.00,5.00,5.00,-0.875000,3.750000,0.000000,0.000000,0.000000,0.000000,0.02000000,0.00020000,0.08000000,0.02000000,0.00020000,0.08000000
5.00,5.00,5.00,5.00,-0.875000,3.750000,0.000000,0.000000,0.000000,0.000000,0.02000000,0.00020000,0.08000000,0.02000000,0.00020000,0.08000000
5.00,5.00,5.00,5.00,-0.875000,3.750000,0.000000,0.000000,0.000000,0.000000,0.02000000,0.00020000,0.08000000,0.02000000,0.00020000,0.08000000
5.00,5.00,5.00,5.00,-0.875000,3.750000,0.000000,0.000000,0.000000,0.000000,0.02000000,0.00020000,0.08000000,0.02000000,0.00020000,0.08000000
5.00,5.00,5.00,5.00,-0.875000,3.750000,0.000000,0.000000,0.000000,0.000000,0.02000000,0.00020000,0.08000000,0.02000000,0.00020000,0.08000000
5.00,5.00,5.00,5.00,-0.875000,3.750000,0.000000,0.000000,0.000000,0.000000,0.02000000,0.00020000,0.08000000,0.02000000,0.00020000,0.08000000
5.00,5.00,5.00,5.00,-0.875000,3.750000,0.000000,0.000000,0.000000,0.000000,0.02000000,0.00020000,0.08000000,0.02000000,0.00020000,0.08000000
5.00,5.00,5.00,5.00,-0.875000,3.750000,0.000000,0.000000,0.000000,0.000000,0.02000000,0.00020000,0.08000000,0.02000000,0.00020000,0.08000000
5.00,5.00,5.00,5.00,-0.875000,3.750000,0.000000,0.000000,0.000000,0.000000,0.02000000,0.00020000,0.08000000,0.02000000,0.00020000,0.08000000
5.00,5.00,5.00,5.00,-0.875000,3.750000,0.000000,0.000000,0.000000,0.000000,0.02000000,0.00020000,0.08000000,0.02000000,0.00020000,0.08000000
5.00,5.00,5.00,5.00,-0.875000,3.750000,0.000000,0.000000,0.000000,0.000000,0.02000000,0.00020000,0.08000000,0.02000000,0.00020000,0.08000000
5.00,5.00,5.00,5.00,-0.875000,3.750000,0.000000,0.000000,0.000000,0.000000,0.02000000,0.00020000,0.08000000,0.02000000,0.00020000,0.08000000
5.00,5.00,5.00,5.00,-0.875000,3.750000,0.000000,0.000000,0.000000,0.000000,0.02000000,0.00020000,0.08000000,0.02000000,0.00020000,0.08000000
5.00,5.00,5.00,5.00,-0.875000,3.750000,0.000000,0.000000,0.000000,0.000000,0.02000000,0.00020000,0.08000000,0.02000000,0.00020000,0.08000000
5.00,5.00,5.00,5.00,-0.875000,3.750000,0.000000,0.000000,0.000000,0.000000,0.02000000,0.00020000,0.08000000,0.02000000,0.00020000,0.08000000
5.00,5.00,5.00,5.00,-0.875000,3.750000,0.000000,0.000000,0.000000,0.000000,0.02000000,0.00020000,0.08000000,0.02000000,0.00020000,0.08000000
5.00,5.00,5.00,5.00,-0.875000,3.750000,0.000000,0.000000,0.000000,0.000000,0.02000000,0.00020000,0.08000000,0.02000000,0.00020000,0.08000000
5.00,5.00,5.00,5.00,-0.875000,3.750000,0.000000,0.000000,0.000000,0.000000,0.02000000,0.00020000,0.08000000,0.02000000,0.00020000,0.08000000
5.00,5.00,5.00,5.00,-0.875000,3.750000,0.000000,0.000000,0.000000,0.000000,0.02000000,0.00020000,0.08000000,0.02000000,0.00020000,0.08000000
5.00,5.00,5.00,5.00,-0.875000,3.750000,0.000000,0.000000,0.000000,0.000000,0.02000000,0.00020000,0.08000000,0.02000000,0.00020000,0.08000000
5.00,5.00,5.00,5.00,-0.875000,3.750000,0.000000,0.000000,0.000000,0.000000,0.02000000,0.00020000,0.08000000,0.02000000,0.00020000,0.08000000
5.00,5.00,5.00,5.00,-0.875000,3.750000,0.000000,0.000000,0.000000,0.000000,0.02000000,0.00020000,0.08000000,0.02000000,0.00020000,0.08000000
5.00,5.00,5.00,5.00,-0.875000,3.750000,0.000000,0.000000,0.000000,0.000000,0.02000000,0.00020000,0.08000000,0.02000000,0.00020000,0.08000000
5.00,5.00,5.00,5.00,-0.875000,3.750000,0.000000,0.000000,0.000000,0.000000,0.02000000,0.00020000,0.08000000,0.02000000,0.00020000,0.08000000
5.00,5.00,5.00,5.00,-0.875000,3.750000,0.000000,0.000000,0.000000,0.000000,0.02000000,0.00020000,0.08000000,0.02000000,0.00020000,0.08000000
5.00,5.00,5.00,5.00,-0.875000,3.750000,0.000000,0.000000,0.000000,0.000000,0.02000000,0.00020000,0.08000000,0.02000000,0.00020000,0.08000000
5.00,5.00,5.00,5.00,-0.875000,3.750000,0.000000,0.000000,0.000000,0.000000,0.02000000,0.00020000,0.08000000,0.02000000,0.00020000,0.08000000
5.00,5.00,5.00,5.00,-0.875000,3.750000,0.000000,0.000000,0.000000,0.000000,0.02000000,0.00020000,0.08000000,0.02000000,0.00020000,0.08000000
5.00,5.00,5.00,5.00,-0.875000,3.750000,0.000000,0.000000,0.000000,0.000000,0.02000000,0.00020000,0.08000000,0.02000000,0.00020000,0.08000000
5.00,5.00,5.00,5.00,-0.875000,3.750000,0.000000,0.000000,0.000000,0.000000,0.02000000,0.00020000,0.08000000,0.02000000,0.00020000,0.08000000
5.00,5.00,5.00,5.00,-0.875000,3.750000,0.000000,0.000000,0.000000,0.000000,0.02000000,0.00020000,0.08000000,0.02000000,0.00020000,0.08000000
5.00,5.00,5.00,5.00,-0.875000,3.750000,0.000000,0.000000,0.000000,0.000000,0.02000000,0.00020000,0.08000000,0.02000000,0.00020000,0.08000000
5.00,5.00,5.00,5.00,-0.875000,3.750000,0.000000,0.000000,0.000000,0.000000,0.02000000,0.00020000,0.08000000,0.02000000,0.00020000,0.08000000
5.00,5.00,5.00,5.00,-0.875000,3.750000,0.000000,0.000000,0.000000,0.000000,0.02000000,0.00020000,0.08000000,0.02000000,0.00020000,0.08000000
5.00,5.00,5.00,5.00,-0.875000,3.750000,0.000000,0.000000,0.000000,0.000000,0.02000000,0.00020000,0.08000000,0.02000000,0.00020000,0.08000000
5.00,5.00,5.00,5.00,-0.875000,3.750000,0.000000,0.000000,0.000000,0.000000,0.02000000,0.00020000,0.08000000,0.02000000,0.00020000,0.08000000
5.00,5.00,5.00,5.00,-0.875000,3.750000,0.000000,0.000000,0.000000,0.000000,0.02000000,0.00020000,0.08000000,0.02000000,0.00020000,0.08000000
5.00,5.00,5.00,5.00,-0.875000,3.750000,0.000000,0.000000,0.000000,0.000000,0.02000000,0.00020000,0.08000000,0.02000000,0.00020000,0.08000000
5.00,5.00,5.00,5.00,-0.875000,3.750000,0.000000,0.000000,0.000000,0.000000,0.02000000,0.00020000,0.08000000,0.02000000,0.00020000,0.08000000
5.00,5.00,5.00,5.00,-0.875000,3.750000,0.000000,0.000000,0.000000,0.000000,0.02000000,0.00020000,0.08000000,0.02000000,0.00020000,0.08000000
5.00,5.00,5.00,5.00,-0.875000,3.750000,0.000000,0.000000,0.000000,0.000000,0.02000000,0.00020000,0.08000000,0.02000000,0.00020000,0.08000000
5.00,5.00,5.00,5.00,-0.875000,3.750000,0.000000,0.000000,0.000000,0.000000,0.02000000,0.00020000,0.08000000,0.02000000,0.00020000,0.08000000
5.00,5.00,5.00,5.00,-0.875000,3.750000,0.000000,0.000000,0.000000,0.000000,0.02000000,0.00020000,0.08000000,0.02000000,0.00020000,0.08000000
5.00,5.00,5.00,5.00,-0.875000,3.750000,0.000000,0.000000,0.000000,0.000000,0.02000000,0.00020000,0.08000000,0.02000000,0.00020000,0.08000000
5.00,5.00,5.00,5.00,-0.875000,3.750000,0.000000,0.000000,0.000000,0.000000,0.02000000,0.00020000,0.08000000,0.02000000,0.00020000,0.08000000
5.00,5.00,5.00,5.00,-0.875000,3.750000,0.000000,0.000000,0.000000,0.000000,0.02000000,0.00020000,0.08000000,0.02000000,0.00020000,0.08000000
5.00,5.00,5.00,5.00,-0.875000,3.750000,0.000000,0.000000,0.000000,0.000000,0.02000000,0.00020000,0.08000000,0.02000000,0.00020000,0.08000000
5.00,5.00,5.00,5.00,-0.875000,3.750000,0.000000,0.000000,0.000000,0.000000,0.02000000,0.00020000,0.08000000,0.02000000,0.00020000,0.08000000
5.00,5.00,5.00,5.00,-0.875000,3.750000,0.000000,0.000000,0.000000,0.000000,0.02000000,0.00020000,0.08000000,0.02000000,0.00020000,0.08000000
5.00,5.00,5.00,5.00,-0.875000,3.750000,0.000000,0.000000,0.000000,0.000000,0.02000000,0.00020000,0.08000000,0.02000000,0.00020000,0.08000000
5.00,5.00,5.00,5.00,-0.875000,3.750000,0.000000,0.000000,0.000000,0.000000,0.02000000,0.00020000,0.08000000,0.02000000,0.00020000,0.08000000
5.00,5.00,5.00,5.00,-0.875000,3.750000,0.000000,0.000000,0.000000,0.000000,0.02000000,0.00020000,0.08000000,0.02000000,0.00020000,0.08000000
5.00,5.00,5.00,5.00,-0.875000,3.750000,0.000000,0.000000,0.000000,0.000000,0.02000000,0.00020000,0.08000000,0.02000000,0.00020000,0.08000000
5.00,5.00,5.00,5.00,-0.875000,3.750000,0.000000,0.000000,0.000000,0.000000,0.02000000,0.00020000,0.08000000,0.02000000,0.00020000,0.08000000
5.00,5.00,5.00,5.00,-0.875000,3.750000,0.000000,0.000000,0.000000,0.000000,0.02000000,0.00020000,0.08000000,0.02000000,0.00020000,0.08000000
5.00,5.00,5.00,5.00,-0.875000,3.750000,0.000000,0.000000,0.000000,0.000000,0.02000000,0.00020000,0.08000000,0.02000000,0.00020000,0.08000000
5.00,5.00,5.00,5.00,-0.875000,3.750000,0.000000,0.000000,0.000000,0.000000,0.02000000,0.00020000,0.08000000,0.02000000,0.00020000,0.08000000
5.00,5.00,5.00,5.00,-0.875000,3.750000,0.000000,0.000000,0.000000,0.000000,0.02000000,0.00020000,0.08000000,0.02000000,0.00020000,0.08000000
5.00,5.00,5.00,5.00,-0.875000,3.750000,0.000000,0.000000,0.000000,0.000000,0.02000000,0.00020000,0.08000000,0.02000000,0.00020000,0.08000000
5.00,5.00,5.00,5.00,-0.875000,3.750000,0.000000,0.000000,0.000000,0.000000,0.02000000,0.00020000,0.08000000,0.02000000,0.00020000,0.08000000
5.00,5.00,5.00,5.00,-0.875000,3.750000,0.000000,0.000000,0.000000,0.000000,0.02000000,0.00020000,0.08000000,0.02000000,0.00020000,0.08000000
5.00,5.00,5.00,5.00,-0.875000,3.750000,0.000000,0.000000,0.000000,0.000000,0.02000000,0.00020000,0.08000000,0.02000000,0.00020000,0.08000000
5.00,5.00,5.00,5.00,-0.875000,3.750000,0.000000,0.000000,0.000000,0.000000,0.02000000,0.00020000,0.08000000,0.02000000,0.00020000,0.08000000
5.00,5.00,5.00,5.00,-0.875000,3.750000,0.000000,0.000000,0.000000,0.000000,0.02000000,0.00020000,0.08000000,0.02000000,0.00020000,0.08000000
5.00,5.00,5.00,5.00,-0.875000,3.750000,0.000000,0.000000,0.000000,0.000000,0.02000000,0.00020000,0.08000000,0.02000000,0.00020000,0.08000000
5.00,5.00,5.00,5.00,-0.875000,3.750000,0.000000,0.000000,0.000000,0.000000,0.02000000,0.00020000,0.08000000,0.02000000,0.00020000,0.08000000
5.00,5.00,5.00,5.00,-0.875000,3.687500,0.000000,0.000000,0.000000,0.000000,0.02000000,0.00020000,0.08000000,0.02000000,0.00020000,0.08000000
5.00,5.00,5.00,5.00,-0.875000,3.687500,0.000000,0.000000,0.000000,0.000000,0.02000000,0.00020000,0.08000000,0.02000000,0.00020000,0.08000000
5.00,5.00,5.00,5.00,-0.875000,3.687500,0.000000,0.000000,0.000000,0.000000,0.02000000,0.00020000,0.08000000,0.02000000,0.00020000,0.08000000
5.00,5.00,5.00,5.00,-0.875000,3.687500,0.000000,0.000000,0.000000,0.000000,0.02000000,0.00020000,0.08000000,0.02000000,0.00020000,0.08000000
5.00,5.00,5.00,5.00,-0.875000,3.687500,0.000000,0.000000,0.000000,0.000000,0.02000000,0.00020000,0.08000000,0.02000000,0.00020000,0.08000000
5.00,5.00,5.00,5.00,-0.875000,3.687500,0.000000,0.000000,0.000000,0.000000,0.02000000,0.00020000,0.08000000,0.02000000,0.00020000,0.08000000
5.00,5.00,5.00,5.00,-0.875000,3.687500,0.000000,0.000000,0.000000,0.000000,0.02000000,0.00020000,0.08000000,0.02000000,0.00020000,0.08000000
5.00,5.00,5.00,5.00,-0.875000,3.687500,0.000000,0.000000,0.000000,0.000000,0.02000000,0.00020000,0.08000000,0.02000000,0.00020000,0.08000000
5.00,5.00,5.00,5.00,-0.875000,3.687500,0.000000,0.000000,0.000000,0.000000,0.02000000,0.00020000,0.08000000,0.02000000,0.00020000,0.08000000
5.00,5.00,5.00,5.00,-0.875000,3.687500,0.000000,0.000000,0.000000,0.000000,0.02000000,0.00020000,0.08000000,0.02000000,0.00020000,0.08000000
5.00,5.00,5.00,5.00,-0.875000,3.687500,0.000000,0.000000,0.000000,0.000000,0.02000000,0.00020000,0.08000000,0.02000000,0.00020000,0.08000000
5.00,5.00,5.00,5.00,-0.875000,3.750000,0.000000,0.000000,0.000000,0.000000,0.02000000,0.00020000,0.08000000,0.02000000,0.00020000,0.08000000
5.00,5.00,5.00,5.00,-0.875000,3.750000,0.000000,0.000000,0.000000,0.000000,0.02000000,0.00020000,0.08000000,0.02000000,0.00020000,0.08000000
5.00,5.00,5.00,5.00,-0.875000,3.750000,0.000000,0.000000,0.000000,0.000000,0.02000000,0.00020000,0.08000000,0.02000000,0.00020000,0.08000000
5.00,5.00,5.00,5.00,-0.875000,3.750000,0.000000,0.000000,0.000000,0.000000,0.02000000,0.00020000,0.08000000,0.02000000,0.00020000,0.08000000
5.00,5.00,5.00,5.00,-0.875000,3.750000,0.000000,0.000000,0.000000,0.000000,0.02000000,0.00020000,0.08000000,0.02000000,0.00020000,0.08000000
5.00,5.00,5.00,5.00,-0.875000,3.750000,0.000000,0.000000,0.000000,0.000000,0.02000000,0.00020000,0.08000000,0.02000000,0.00020000,0.08000000
5.00,5.00,5.00,5.00,-0.875000,3.750000,0.000000,0.000000,0.000000,0.000000,0.02000000,0.00020000,0.08000000,0.02000000,0.00020000,0.08000000
5.00,5.00,5.00,5.00,-0.875000,3.750000,0.000000,0.000000,0.000000,0.000000,0.02000000,0.00020000,0.08000000,0.02000000,0.00020000,0.08000000
5.00,5.00,5.00,5.00,-0.875000,3.750000,0.000000,0.000000,0.000000,0.000000,0.02000000,0.00020000,0.08000000,0.02000000,0.00020000,0.08000000
5.00,5.00,5.00,5.00,-0.875000,3.750000,0.000000,0.000000,0.000000,0.000000,0.02000000,0.00020000,0.08000000,0.02000000,0.00020000,0.08000000
5.00,5.00,5.00,5.00,-0.875000,3.750000,0.000000,0.000000,0.000000,0.000000,0.02000000,0.00020000,0.08000000,0.02000000,0.00020000,0.08000000
5.00,5.00,5.00,5.00,-0.875000,3.687500,0.000000,0.000000,0.000000,0.000000,0.02000000,0.00020000,0.08000000,0.02000000,0.00020000,0.08000000
5.00,5.00,5.00,5.00,-0.875000,3.687500,0.000000,0.000000,0.000000,0.000000,0.02000000,0.00020000,0.08000000,0.02000000,0.00020000,0.08000000
5.00,5.00,5.00,5.00,-0.875000,3.687500,0.000000,0.000000,0.000000,0.000000,0.02000000,0.00020000,0.08000000,0.02000000,0.00020000,0.08000000

